# x (km)              y (km)
 28105.451261838360   2481.710560046734
 28324.447355506778   2658.506086256654
 29287.829353537611   3453.824587665072
 30038.624960657769   4094.113597629666
 30765.102753551695   4731.093308471757
 31468.551209978534   5364.535866011405
 32150.145306785515   5994.256531241223
 32810.959846100784   6620.106085529808
 33451.980868815794   7241.964695985836
 34074.115474219609   7859.736930322941
 34678.200304996986   8473.347683156864
 35265.008909352728   9082.738829820993
 35835.258154107534   9687.866464543760
 36389.613832166659  10288.698610762087
 36928.695583203043  10885.213315002818
 37453.081226489965  11477.397053992334
 37963.310588607557  12065.243398799024
 38459.888895486416  12648.751890860120
 38943.289787354908  13227.927093427286
 39170.730277036535  13504.630658855061
 39375.380659993316  13755.863134813901
 39577.667874619881  14006.269948861640
 39777.625600235588  14255.852286225358
 39975.286652025279  14504.611433820601
 40170.683011683243  14752.548772453236
 40363.845856680156  14999.665769542744
 40554.805588227311  15245.963972329677
 40743.591858007989  15491.445001533140
 40930.233593741104  15736.110545426647
 41042.473300646096  15885.599887181315
 41511.354732015629  16519.082211383891
 41911.953322018024  17071.048576966346
 42302.243314976091  17618.816122764249
 42682.509104843863  18162.408504018629
 43053.020840998572  18701.850162115257
 43414.035405845469  19237.166147551503
 43765.797307942281  19768.381967431098
 44108.539499360355  20295.523454059588
 44442.484124961295  20818.616651725599
 44767.843210368832  21337.687719181638
 45084.819294635599  21852.762845699825
 45393.606012925600  22363.868178882018
 45694.388633940587  22871.029762661405
 45987.344556301447  23374.273484151148
 46272.643767641508  23873.625028180802
 46550.449269770281  24369.109838520031
 46820.917472916146  24860.753084923297
 47084.198561746074  25348.579635245547
 47340.436835588618  25832.614031977464
 47589.771025043432  26312.880472634370
 47832.334586946497  26789.402793505898
 48068.255979469424  27262.204456337062
 48297.658918961592  27731.308537565870
 48520.662619992094  28196.737719789988
 48737.382019913806  28658.514285175992
 48947.927989150434  29116.660110560337
 49152.407528299278  29571.196664022362
 49350.923953044934  30022.145002736292
 49543.577067791979  30469.525771933171
 49730.463328845406  30913.359204823744
 49911.675997897451  31353.665123351988
 50087.305286514398  31790.462939663834
 50257.438492259920  32223.771658190301
 50422.160127038449  32653.609878255804
 50581.552038194939  33079.995797133313
 50735.693522864131  33502.947213477259
 50884.661436023271  33922.481531073463
 51028.530292666634  34338.615762852496
 51167.372364487783  34751.366535119341
 51301.257771425880  35160.750091957831
 51430.254568405202  35566.782299773346
 51554.428827573080  35969.478651941754
 51673.844716317471  36368.854273536199
 51788.564571326518  36764.923926107083
 51898.648968931993  37157.702012493457
 52004.156791962087  37547.202581646838
 52105.145293312555  37933.439333450660
 52201.670156430875  38316.425623521049
 52293.785552894362  38696.174467976030
 52381.544197250965  39072.698548162291
 52464.997399279709  39446.010215329930
 52544.195113817666  39816.121495246916
 52619.185988289995  40183.044092746284
 52690.017408071195  40546.789396199914
 52756.735539796689  40907.368481913683
 52819.385372737037  41264.792118439880
 52878.010758338780  41619.070770802842
 52901.555621967440  41767.648384636697
 52954.531456413788  42117.472186268897
 53003.584565448218  42464.175117617480
 53048.755183037276  42807.766635751155
 53090.082560585630  43148.255911793029
 53127.604998096300  43485.651834637101
 53161.359874030873  43819.963014566551
 53191.383673935081  44151.197786773948
 53217.712017891186  44479.364214782385
 53240.379686855209  44804.470093768330
 53259.420647933301  45126.522953785570
 53274.868078648899  45445.530062891121
 53286.754390249182  45761.498430173328
 53295.111250096234  46074.434808682592
 53299.969603186539  46384.345698265526
 53301.359692839178  46691.237348303184
 53299.311080591666  46995.115760354121
 53293.852665339429  47295.986690703190
 53285.012701753818  47593.855652816725
 53272.818818010848  47888.727919705365
 53257.298032861945  48180.608526194963
 53238.476772075555  48469.502271107012
 53216.380884277605  48755.413719349061
 53191.035656217013  49038.347203916353
 53162.465827480977  49318.306827805471
 53130.695604684035  49595.296465840860
 53095.748675152914  49869.319766415334
 53057.648220128896  50140.380153145124
 53016.416927507555  50408.480826440617
 52972.077004135404  50673.624764993299
 52924.650187681582  50935.814727180106
 52874.157758101959  51195.053252385442
 52820.620548712424  51451.342662242023
 52764.058956886678  51704.685061790944
 52704.492954394125  51955.082340561828
 52641.942097391591  52202.536173573426
 52576.425536082861  52447.048022255542
 52507.962024058776  52688.619135292502
 52436.569927330536  52927.250549388831
 52362.267233067672  53162.943089957625
 52285.071558052266  53395.697371731672
 52175.482497714111  53671.536139113581
 52091.801245275914  53897.710451200284
 52005.280691689484  54120.945984549973
 51915.936978330828  54341.242460728427
 51823.785916041903  54558.599392415432
 51728.842992043603  54773.016083539609
 51631.123376632386  54984.491629337237
 51530.641929668527  55193.024916335497
 51427.413206863399  55398.614622259825
 51321.451465872575  55601.259215865248
 51212.770672202096  55800.956956691545
 51101.384504933929  55997.705894741986
 50987.306362277261  56191.503870085406
 50870.549366951353  56382.348512381068
 50751.126371405837  56570.237240326089
 50629.049962884004  56755.167261024806
 50504.332468334236  56937.135569279650
 50376.985959174861  57116.138946802756
 50247.022255917022  57292.173961347813
 50114.452932650674  57465.236965761360
 49979.289321397722  57635.324096952507
 49841.542516337024  57802.431274780669
 49701.223377905197  57966.554200859777
 49558.342536777287  58127.688357278545
 49412.910397731226  58285.829005235144
 49264.937143399664  58440.971183585621
 49114.432737912808  58593.109707304349
 48961.406930435689  58742.239165855521
 48805.869258603263  58888.353921474198
 48647.829051856352  59031.448107355252
 48487.295434681670  59171.515625748885
 48324.277329758843  59308.550145960762
 48227.814484013463  59387.265355758631
 48042.054022124204  59533.517774587810
 47884.378665301789  59652.940287478123
 47724.609423142836  59769.753405531686
 47562.752644586464  59883.951223216252
 47398.814543890905  59995.527656407452
 47232.801202387214  60104.476440582934
 47064.718570187651  60210.791128948062
 46894.572467850092  60314.465090491220
 46722.368587999787  60415.491507967912
 46548.162740192245  60513.926435216854
 46454.461708723196  60565.266480519560
 46360.180182736018  60615.849451631817
 46265.318961640820  60665.674221480338
 46169.878835026997  60714.739647247428
 46073.860582724818  60763.044570268285
 45977.264974866106  60810.587815926614
 45880.092771944175  60857.368193548340
 45782.344724872935  60903.384496293365
 45684.021575045255  60948.635501045392
 45585.124054390420  60993.119968299718
 45382.465853435999  61081.117061546749
 45177.446550447232  61165.935271725190
 44970.071925714627  61247.563572245897
 44760.347604063740  61325.990645148537
 44548.279056655811  61401.204876674077
 44333.871602741587  61473.194352679937
 44117.130411370134  61541.946853893227
 43898.060503054214  61607.449850997065
 43676.666751393786  61669.690499544653
 43452.953884659481  61728.655634695853
 43226.926487337565  61784.331765770607
 42998.589001637993  61836.705070613163
 42767.945728967250  61885.761389760875
 42535.000831367615  61931.486220411396
 42299.758332924466  61973.864710181093
 42062.222121143248  62012.881650647832
 41822.395948297926  62048.521470670734
 41580.283432752411  62080.768229478948
 41335.888060256832  62109.605609521524
 41089.213185220353  62135.016909069753
 40840.262031962324  62156.985034563026
 40589.037695943669  62175.492492689140
 40335.543144980162  62190.521382188927
 40079.781220439938  62202.053385375271
 39821.754638426602  62210.069759355465
 39561.465990950797  62214.551326946159
 39298.917747091582  62215.478467268469
 39034.112254150314  62212.831106011494
 38767.051738799229  62206.588705350776
 38497.738308227003  62196.730253508409
 38226.173951283919  62183.234253940413
 37952.360539629284  62166.078714136282
 37676.299828883610  62145.241134014970
 37397.993459788951  62120.698493901058
 37117.442959379754  62092.427242063044
 36834.649742168105  62060.403281796207
 36549.615111346247  62024.601958030216
 36262.340260010293  61984.998043441570
 35972.826272408754  61941.565724049418
 35681.074125219951  61894.278584272353
 35387.084688862589  61843.109591422566
 35090.858728844076  61788.031079612367
 34792.396907151320  61729.014733046955
 34491.699783689393  61666.031568675702
 34188.767817773180  61599.051918172605
 33883.601369678327  61528.045409215360
 33576.200702257447  61452.980946030271
 33266.565982628366  61373.826689168651
 32954.697283941889  61290.550034478569
 32640.594587236268  61203.117591233233
 32324.257783387187  61111.495159375620
 32005.686675161742  61015.647705836127
 31684.880979386318  60915.539339878072
 31361.840329238203  60811.133287422148
 31036.564276672525  60702.391864299592
 30709.052294995821  60589.276448378951
 30379.303781599581  60471.747450509596
 30047.318060867270  60349.764284220568
 29713.094387269870  60223.285334109998
 29376.631948666065  60092.267922856161
 29037.929869824507  59956.668276776902
 28696.987216186943  59816.441489859368
 28353.802997892704  59671.541486177208
 28008.376174086530  59521.920980606490
 27660.705657533876  59367.531437746547
 27310.790319569383  59208.323028944673
 26958.628995407096  59044.244587317953
 26604.220489842632  58875.243560657073
 26247.563583381074  58701.265962090278
 25888.657038826372  58522.256318375970
 25527.499608372062  58338.157615684308
 25164.090041236039  58148.911242717440
 24798.427091886380  57954.456931007757
 24430.509528909410  57754.732692221725
 24060.336144575744  57549.674752284089
 23687.905765165488  57339.217482123873
 23313.217262119459  57123.293324828272
 22936.269564089496  56901.832718974838
 22772.448561310044  56803.027018485933
 22392.249815556657  56573.500678843673
 22009.789480809606  56338.259634470269
 21625.066787186959  56097.226795151502
 21238.081088528634  55850.322673198985
 20848.831880956946  55597.465281143188
 20457.318823013044  55338.570023626664
 20063.541757517210  55073.549583091117
 19667.500735316651  54802.313798817217
 19269.196041101404  54524.769538838955
 18868.628221488565  54240.820564213027
 18465.798115596448  53950.367385078280
 18326.091307670642  53848.482945195232
 17920.219179604766  53549.115300751007
 17512.088076131629  53242.996456222732
 17101.700074748183  52930.014879962029
 16689.057713864735  52610.055052256095
 16274.164041601862  52282.997265590631
 15857.022669192762  51948.717411707890
 15437.637829480616  51607.086754377706
 15016.014441059113  51257.971686693032
 14592.158178671767  50901.233471583306
 14166.075550561354  50536.727964106532
 13737.773983548030  50164.305313933211
 13307.261916714058  49783.809646269794
 12874.548904686724  49395.078719283629
 12439.645731641453  48997.943555882368
 12002.564537297603  48592.228047466320
 11563.318956351606  48177.748527006639
 11121.924272992643  47754.313308503595
 10678.397592376316  47321.722189539163
 10232.758031200618  46879.765913254712
  9785.026929839991  46428.225585646571
  9335.228088857228  45966.872043574964
  8883.388033138161  45495.465168312985
  8429.536307392997  45013.753138812441
  7973.705807354559  44521.471618117386
  7515.933151695283  44018.342865499129
  7056.259100503535  43504.074765899160
  6594.729027130935  42978.359767125388
  6131.393451379437  42440.873713926034
  5666.308643379449  41891.274566531807
  5199.537309168678  41329.200989470250
  4731.149370978351  40754.270794371441
  4270.367098844855  40177.861466039882
  3799.014065195338  39576.257739855326
  3326.305083381245  38960.516809749068
  2852.349003267104  38330.154464095634
  2377.267837167560  37684.654950482036
  1901.198555641085  37023.468035376813
  1424.295175586626  36346.005705495802
   946.731197361653  35651.638456975779
   468.702460578101  34939.691108858497
    -9.569495407650  34209.438065813862
  -487.833459475725  33460.097941050080
  -965.803831688996  32690.827433419421
 -1443.154993288668  31900.714332151430
 -1919.514551095876  31088.769497597332
 -2394.455185077247  30253.917635828861
 -2899.165154047274  29336.697377483688
 -3369.543673590528  28450.671033263410
 -3836.733178444340  27537.780988714909
 -4299.954391345643  26596.472253232383
 -4758.292987434314  25625.028560075229
 -5210.670073461833  24621.549082039517
 -5655.804611629078  23583.921011390405
 -6092.165109295785  22509.787221174185
 -6517.906834726232  21396.508127188099
 -6930.789267679304  20241.116825140223
 -7328.066193347429  19040.266671632751
 -7706.337388474572  17790.170889372010
 -8061.345572426906  16486.534876794321
 -8387.694147974245  15124.484459545834
 -8678.448552346419  13698.498950228528
 -8924.564169504167  12202.370016425080
 -9114.053007241082  10629.233403051448
 -9230.755725548233   8971.776680942834
 -9252.526117626869   7222.847675555495
 -9148.589872338307   5376.949679810336
 -8875.943141868962   3433.651054337977
 -8375.399061451537   1404.916569320360
 -7570.671605354380   -670.621006615035
 -6380.869279331058  -2705.974405424242
 -4762.841507337248  -4552.874384761511
 -4141.348964714892  -5090.438357429416
 -3644.346696636901  -5469.356991099076
 -3126.364294734955  -5822.831634827548
 -2590.139796192425  -6149.549027971367
 -2038.553487423285  -6448.751335591724
 -1474.494104871450  -6720.232176643975
  -588.710219839293  -7084.527018301537
   240.571481072358  -7364.830229793285
  1068.265698439237  -7592.766814468542
  1889.370517729528  -7773.051609587053
  2700.187551994414  -7910.585518848718
  5274.161581446282  -8118.176798117646
  7322.178979505376  -8075.484200279809
  9248.468857995480  -7896.281681180633
 11063.592826701708  -7620.998247431624
 12779.782734141845  -7276.911384512317
 14408.616637195168  -6882.692817962466
 15960.315886375116  -6451.382925139372
 17443.662736958111  -5992.282468666956
 18866.132036560848  -5512.158999781361
 20234.077919555373  -5016.027697442642
 21552.916630118503  -4507.666597149993
 22827.286547896820  -3989.963555745107
 24061.181958360536  -3465.154616090618
 25258.062653915938  -2934.990889414706
 26420.943029321577  -2400.857466879917
 27552.464395738440  -1863.859537572509
 28654.953784818150  -1324.885695071028
 29730.471947963804   -784.655117043575
 30780.852725256202   -243.753170894649
 31807.735509376038    297.341403248442
 32812.592163013760    838.235518968648
 33796.749465247718   1378.605401742402
 34761.407932722999   1918.183741023764
 35707.657686055049   2456.749505017288
 36636.491895427142   2994.119803964366
 37548.818231960300   3530.143343489690
 38445.468667550485   4064.695122380396
 39327.207899908884   4597.672111824880
 40194.740627440384   5128.989714298590
 41048.717857244119   5658.578845964828
 41889.742396536552   6186.383520881798
 42718.373651356807   6712.358841461873
 43535.131835113280   7236.469319658935
 44340.501672284940   7758.687468811762
 45134.935668562401   8278.992618076518
 45918.857007247796   8797.369910769547
 46692.662122319103   9313.809455329476
 47456.722990801347   9828.305603456758
 48211.389180657578  10340.856334644273
 48956.989685066306  10851.462730039697
 49693.834569487357  11360.128521578112
 50422.216454177156  11866.859704746626
 51142.411851666140  12371.664205311097
 51854.682376054116  12874.551591940068
 52559.275838727342  13375.532827976353
 53256.427243187922  13874.620056687811
 53946.359690053687  14371.826415221985
 54629.285201890823  14867.165873228911
 55305.405476344036  15360.653092731489
 55974.912574997965  15852.303306336518
 56637.989554514934  16342.132211308402
 57294.811045823866  16830.155877389054
 57945.543786468996  17316.390666550604
 58590.347110645314  17800.853163124422
 59229.373400942917  18283.560112967258
 59862.768505379441  18764.528370509503
 60490.672122913107  19243.774852687638
 61113.218160288670  19721.316498897286
 61730.535062770068  20197.170236217276
 62342.746121049473  20671.352949253873
 62949.969756390150  21143.881454038226
 63552.319785854372  21614.772475483420
 64149.905669285203  22084.042627969233
 64866.310540273371  22649.356284537142
 65453.739159450226  23115.103809432530
 66036.728087429728  23579.282857943388
 66615.370795218376  24041.909423056259
 67189.757441134148  24502.999323776115
 67759.975033193943  24962.568198280464
 68326.107581422271  25420.631498322455
 68888.236240833692  25877.204484734470
 69446.439445775919  26332.302223900173
 70000.793036262068  26785.939585079384
 70551.370376866733  27238.131238482521
 71098.242468713201  27688.891654004226
 71641.478055035172  28138.235100534941
 72181.143720757143  28586.175645779753
 72717.303986501764  29032.727156520676
 73250.021397400167  29477.903299266556
 73779.356607051581  29921.717541240596
 74305.368456951561  30364.183151661357
 74828.114051683937  30805.313203277885
 75347.648830148930  31245.120574124187
 75864.026633079513  31683.617949461830
 76377.299767079559  32120.817823883510
 76887.519065399814  32556.732503552710
 77394.733945652508  32991.374108558062
 77898.992464650772  33424.754575363055
 78400.341370545619  33856.885659333777
 78898.826152421636  34287.778937329880
 79394.491087500792  34717.445810345016
 79887.379286093972  35145.897506184985
 80377.532734429682  35573.145082172894
 80864.992335481715  35999.199427872365
 81349.797947908097  36424.071267820094
 81831.988423207615  36847.771164260892
 82311.601641191970  37270.309519878669
 82788.674543866495  37691.696580517833
 83263.243167805165  38111.942437890102
 83735.342675101492  38531.057032262674
 84205.007382970580  38949.050155123783
 84672.270792073701  39365.931451822602
 85137.165613632154  39781.710424180754
 85599.723795392987  40196.396433072834
 86059.976546505350  40609.998700974182
 86517.954361362848  41022.526314474053
 86973.687042464226  41433.988226752816
 87427.203722340710  41844.393260022029
 87878.532884596832  42253.750107926324
 88327.702384107804  42662.067337906708
 88774.739466414147  43069.353393524099
 89219.670786353105  43475.616596743559
 89662.522425962030  43880.865150177910
 90103.319911689323  44285.107139291649
 90542.088230944646  44688.350534564270
 90978.851848019520  45090.603193613642
 91413.634719407273  45491.872863279226
 91846.460308549664  45892.167181665711
 92277.351600036360  46291.493680146763
 92706.331113281994  46689.859785330089
 93133.420915703624  47087.272820983417
 93558.642635421464  47483.740009922265
 93982.017473503001  47879.268475859899
 94403.566215771221  48273.865245220026
 94823.309244194912  48667.537248912413
 95241.266547879903  49060.291324072641
 95657.457733677424  49452.134215766026
 96071.902036426181  49843.072578656378
 96484.618328843469  50233.112978640442
 96895.625131079840  50622.261894448478
 97304.940619951056  51010.525719211408
 97712.582637861065  51397.910761995612
 98118.568701427939  51784.423249305561
 98522.916009825334  52170.069326555094
 98925.641452850177  52554.855059507987
 99326.761618728502  52938.786435688329
 99726.292801668649  53321.869365761428
100124.251009172513  53704.109684885814
100520.651969114086  54085.513154036911
100915.511136593937  54466.085461303031
101308.843700579004  54845.832223154262
101700.664590334825  55224.758985684792
102090.988481659195  55602.871225829396
102479.829802923719  55980.174352554313
102867.202740931287  56356.673708023663
103253.121246595605  56732.374568741165
103637.599040449859  57107.282146668585
104020.649617990377  57481.401590320464
104402.286254861625  57854.737985836786
104782.522011887937  58227.296358032683
105161.369739957910  58599.081671427477
105538.842084766191  58970.098831251555
105914.951491418105  59340.352684433150
106289.710208901888  59709.848020564721
106663.130294433024  60078.589572849640
107035.223617675088  60446.582019029374
107406.001864841761  60813.829982292053
107775.476542683580  61180.338032162304
108143.658982363646  61546.110685373504
108510.560343226010  61911.152406721820
108876.191616460317  62275.467609903564
109240.563628666292  62639.060658335620
109603.687045321072  63001.935865959116
109965.572374153213  63364.097498027550
110326.229968425643  63725.549771878803
110685.670030131208  64086.296857692068
111043.902613103506  64446.342879229836
111400.937626045328  64805.691914564944
111756.784835477796  65164.347996793687
112111.453868612894  65522.315114734731
112464.954216150858  65879.597213614412
112817.295235006241  66236.198195738732
113168.486150963538  66592.121921152240
113518.536061265404  66947.372208284258
113867.453937135258  67301.952834582451
114215.248626236353  67655.867537134487
114561.928855069084  68009.120013277556
114907.503231308889  68361.713921196322
115251.980246085936  68713.652880509559
115595.368276208756  69064.940472845512
115937.675586333615  69415.580242406577
116278.910331080551  69765.575696523127
116619.080557098539  70114.930306197100
116958.194205080828  70463.647506635345
117296.259111731677  70811.730697773004
117633.283011686653  71159.183244787229
117969.273539386995  71506.008478601332
118304.238230909934  71852.209696379650
118638.184525756020  72197.790162013291
118971.119768594843  72542.753106597069
119303.051210969905  72887.101728897469
119633.986012964655  73230.839195812558
119963.931244829524  73573.968642822932
120292.893888572347  73916.493174435192
120620.880839512436  74258.415864616851
120947.898907799259  74599.739757223710
121273.954819897292  74940.467866419742
121599.055220037364  75280.603177089084
121923.206671635679  75620.148645241075
122246.415658681333  75959.107198407961
122568.688587093522  76297.481736035610
122890.031786048334  76635.275129867354
123210.451509277293  76972.490224321125
123529.953936336882  77309.129836860113
123848.545173851497  77645.196758356775
124166.231256728628  77980.693753450629
124483.018149348733  78315.623560899927
124798.911746729646  78649.988893927293
125113.917875665808  78983.792440559293
125428.042295844061  79317.036863960238
125741.290700935453  79649.724802760567
126053.668719664580  79981.858871379241
126365.181916856352  80313.441660341021
126675.835794461251  80644.475736588181
126985.635792559435  80974.963643787181
127294.587290344207  81304.907902630046
127602.695607085174  81634.311011130878
127909.966003072099  81963.175444917200
128216.403680539443  82291.503657516805
128522.013784572395  82619.298080639652
128826.801403994585  82946.561124455067
129130.771572238082  83273.295177864682
129433.929268196269  83599.502608770694
129736.279417059530  83925.185764339752
130037.826891134697  84250.346971262741
130338.576510648170  84574.988536010133
130638.533044533775  84899.112745083548
130937.701211204694  85222.721865262865
131236.085679310956  85545.818143849814
131533.691068482090  85868.403808907344
131830.521950055496  86190.481069495305
132064.335341396480  86445.692186141241
132359.786660720158  86766.865619483142
132654.475984592282  87087.536710934262
132948.407707616367  87407.707599597896
133241.586179406499  87727.380406653145
133534.015705239523  88046.557235569839
133825.700546694832  88365.240172320235
134116.644922282605  88683.431285587605
134406.853008060076  89001.132626971288
134696.328938236722  89318.346231189018
134985.076805768214  89635.074116275748
135273.100662939425  89951.318283779561
135560.404521937046  90267.080718954836
135846.992355411698  90582.363390952145
136132.868097030063  90897.168253005555
136418.035642016679  91211.497242616853
136702.498847686395  91525.352281737287
136986.261533967423  91838.735276946289
137269.327483914705  92151.648119627876
137551.700444214541  92464.092686144140
137833.384125680110  92776.070838006184
138114.382203738554  93087.584422042884
138394.698318909213  93398.635270566621
138674.336077273736  93709.225201537076
138953.299050938076  94019.356018722276
139231.590778486454  94329.029511857560
139509.214765427372  94638.247456802113
139786.174484632269  94947.011615693089
140062.473376766400  95255.323737097875
140338.114850712620  95563.185556163749
140613.102283987711  95870.598794765741
140887.439023152081  96177.565161652194
141178.137611957442  96503.324168883220
141420.874317511596  96775.428043676133
141663.104413691792  97047.182659226804
141904.830169802532  97318.589181172138
142146.053836990468  97589.648767371778
142386.777648450399  97860.362567982491
142627.003819629084  98130.731725531878
142866.734548425156  98400.757374990892
143105.972015386564  98670.440643845432
143344.718383905449  98939.782652167443
143612.685102927964  99242.342279933830
143880.036199517694  99544.473104730772
144146.774676629197  99846.176687688669
144412.903511026525 100147.454578535442
144678.425653607643 100448.308315715898
144943.344029723521 100748.739426509608
145207.661539492779 101048.749427147326
145471.381058110303 101348.339822925351
145734.505436152132 101647.512108318973
145997.037499874743 101946.267767093945
146258.980051509949 102244.608272416561
146520.335869555216 102542.535086962307
146781.107709059346 102840.049663023106
147041.298301903822 103137.153442612995
147300.910357079731 103433.847857572589
147559.946560960409 103730.134329671855
147818.409577570099 104026.014270712025
148076.302048848243 104321.489082625616
148333.626594909845 104616.560157575470
148590.385814301961 104911.228878052556
148846.582284256088 105205.496616972174
149102.218560937123 105499.364737769283
149357.297179688088 105792.834594492306
149611.820655271615 106085.907531895820
149865.791482107656 106378.584885532138
150119.212134507514 106670.867981841715
150372.085066904721 106962.758138242105
150624.412714082224 107254.256663216205
150876.197491396306 107545.364856399072
151127.441794997285 107836.084008663747
151378.148002047034 108126.415402206083
151628.318470932951 108416.360310628297
151877.955541479489 108705.919999021615
152127.061535155808 108995.095724047860
152375.638755281252 109283.888734020002
152623.689487227064 109572.300268981664
152871.215998616040 109860.331560785853
153118.220539518574 110147.983833172228
153364.705342646310 110435.258301844035
153610.672623543011 110722.156174543721
153856.124580772652 111008.678651127426
154101.063396104990 111294.826923639295
154345.491234698158 111580.602176383909
154589.410245279112 111866.005585998719
154832.822560321511 112151.038321524888
155075.730296220747 112435.701544477939
155318.135553467117 112719.996408916923
155560.040416815813 113003.924061513069
155801.446955455613 113287.485641617866
156042.357223174185 113570.682281329588
156282.773258521862 113853.515105559840
156522.697084972722 114135.985232098712
156762.130711083999 114418.093771679632
157001.076130652567 114699.841828042889
157239.535322870099 114981.230497998971
157477.510252475651 115262.260871490973
157715.002869906108 115542.934031655794
157952.015111445071 115823.251054885477
158188.548899369460 116103.213010887237
158424.606142093922 116382.820962742771
158660.188734313881 116662.075966967226
158895.298557146278 116940.979073567301
159129.937478268577 117219.531326098586
159364.107352055784 117497.733761722295
159597.810019716067 117775.587411261498
159831.047309424088 118053.093299256507
160063.821036453039 118330.252444019745
160296.133003304596 118607.065857689842
160527.984999837383 118883.534546285431
160759.378803393804 119159.659509757883
160990.316178925248 119435.441742043928
161220.798879115231 119710.882231117139
161450.828644501831 119985.981959039491
161680.407203597628 120260.741902011650
161909.536273008795 120535.163030423209
162138.217557552358 120809.246308902235
162366.452750371944 121082.992696364061
162594.243533052271 121356.403146059776
162821.591575731960 121629.478605624041
163048.498537215084 121902.220017122527
163274.966065081331 122174.628317098512
163500.995795794559 122446.704436619388
163726.589354810392 122718.449301322413
163951.748356682132 122989.863831459894
164176.474405165442 123260.948941943978
164400.769093321753 123531.705542391093
164624.634003620624 123802.134537165606
164848.070708040381 124072.236825423242
165071.080768167973 124342.013301154017
165293.665735297138 124611.464853224476
165515.827150525962 124880.592365419798
165737.566544852802 125149.396716485251
165958.885439271107 125417.878780167215
166179.785344863107 125686.039425253912
166400.267762892705 125953.879515615365
166620.334184896783 126221.399910243461
166839.986092775420 126488.601463291023
167059.224958881736 126755.485024110880
167278.052246109437 127022.051437294314
167496.469407980709 127288.301542709160
167714.477888731955 127554.236175537604
167932.079123399104 127819.856166313344
168149.274537901598 128085.162340958515
168366.065549125866 128350.155520820481
168582.453565007192 128614.836522707599
168798.439984610945 128879.206158925197
169014.026198213222 129143.265237311149
169229.213587379665 129407.014561270524
169444.003525044245 129670.454929810541
169658.397375586559 129933.587137574854
169872.396494908666 130196.411974877468
170086.002230510494 130458.930227736389
170299.215921565075 130721.142677906901
170512.038898992207 130983.050102914480
170724.472485531733 131244.653276087396
170936.517995816044 131505.952966589102
171148.176736441295 131766.949939450045
171359.450006038242 132027.644955599331
171570.339095342060 132288.038771895954
171780.845287261676 132548.132141160051
171990.969856947690 132807.925812203292
172200.714071860275 133067.420529859344
172410.079191835743 133326.617035014060
172619.066469152953 133585.516064635100
172827.677148598130 133844.118351801473
173035.912467529794 134102.424625732674
173243.773655942699 134360.435611817753
173451.261936530675 134618.152031643636
173658.378524749540 134875.574603023764
173865.124628878402 135132.704040025856
174071.501450081239 135389.541052999906
174277.510182467027 135646.086348605546
174483.152013149636 135902.340629839397
174688.428122307028 136158.304596062080
174893.339683239581 136413.978943024587
175097.887862428179 136669.364362895169
175302.073819591198 136924.461544285354
175505.898707741348 137179.271172275709
175709.363673241518 137433.793928441883
175912.469855860254 137688.030490879755
176115.218388826674 137941.981534230843
176317.610398884426 138195.647729707096
176519.647006345680 138449.029745115782
176721.329325143917 138702.128244883817
176922.658462886669 138954.943890082155
177123.635520907439 139207.477338449768
177324.261594317039 139459.729244417336
177524.537772054464 139711.700259131001
177724.465136937477 139963.391030475643
177924.044765712082 140214.802203097934
178123.277729102061 140465.934418429504
178322.165091857780 140716.788314709265
178520.707912804268 140967.364527006226
178718.907244889124 141217.663687241555
178916.764135229925 141467.686424210900
179114.279625160823 141717.433363606076
179311.454750278965 141966.905128036509
179508.290540490299 142216.102337051299
179704.788020054984 142465.025607160002
179900.948207632347 142713.675551853725
180096.772116325184 142962.052781626378
180292.260753723938 143210.157903994987
180487.415121950122 143457.991523520177
180682.236217699538 143705.554241826874
180876.725032284827 143952.846657624032
181070.882551678020 144199.869366724772
181264.709756551834 144446.622962066089
181458.207622321643 144693.108033728407
181651.377119186218 144939.325168955140
181844.219212168216 145185.274952171807
182036.734861154488 145430.957965004869
182228.925020935974 145676.374786301196
182420.790641246771 145921.525992146228
182612.332666803530 146166.412155882776
182803.552037343732 146411.033848129504
182994.449687664077 146655.391636798653
183185.026547658490 146899.486087115016
183375.283542355202 147143.317761632818
183565.221591954352 147386.887220254284
183754.841611864395 147630.195020246727
183944.144512738712 147873.241716260061
184133.131200511620 148116.027860344300
184321.802576433955 148358.554001966520
184510.159537108644 148600.820688027801
184698.202974525484 148842.828462880134
184885.933776096092 149084.577868343156
185073.352824687958 149326.069443720393
185260.460998658760 149567.303725816222
185447.259171889862 149808.281248951389
185633.748213819839 150049.002544979827
185819.928989477339 150289.468143304170
186005.802359513938 150529.678570891614
186191.369180236710 150769.634352289839
186376.630303640151 151009.336009642575
186561.586577438109 151248.784062704653
186746.238845095300 151487.979028857691
186930.587945858395 151726.921423125168
187114.634714787389 151965.611758187326
187298.379982785729 152204.050544396217
187481.824576631014 152442.238289790519
187664.969319004915 152680.175500109908
187847.815028523182 152917.862678810110
188030.362519764953 153155.300327076606
188212.612603302201 153392.488943839766
188394.566085728438 153629.429025788180
188576.223769687844 153866.121067383356
188757.586453903466 154102.565560873190
188938.654933205369 154338.762996306265
189119.429998558830 154574.713861544908
189299.912437091756 154810.418642279459
189480.103032122308 155045.877822041279
189660.002563185961 155281.091882216249
189839.611806062632 155516.061302058108
190018.931532803137 155750.786558701453
190197.962511755846 155985.268127174844
190376.705507592706 156219.506480413664
190555.161281335517 156453.502089273126
190733.330590381462 156687.255422540766
190911.214188528626 156920.766946949094
191088.812826001405 157154.037127188261
191266.127249475539 157387.066425918281
191443.158202103019 157619.855303781427
191619.906423536449 157852.404219414311
191796.372649953875 158084.713629460253
191972.557614082645 158316.783988580923
192148.462045223598 158548.615749468590
192324.086669274664 158780.209362857684
192499.432208754646 159011.565277536749
192674.499382826325 159242.683940359741
192849.288907319889 159473.565796257870
193008.736505758628 159686.945879151608
193182.964499182417 159917.356627862959
193356.916915625101 160147.531855916197
193530.594457997038 160377.472000753361
193703.997825987346 160607.177497949568
193877.127716086135 160836.648781223659
194049.984821605962 161065.886282449355
194222.569832703797 161294.890431665932
194394.883436402306 161523.661657089076
194566.926316611003 161752.200385121279
194738.699154147442 161980.507040362718
194910.202626758168 162208.582045621617
195081.437409139238 162436.425821924582
195252.404172956944 162664.038788526843
195423.103586868034 162891.421362922760
195593.536316539976 163118.573960855661
195763.703024670947 163345.496996328176
195933.604371009744 163572.190881612070
196103.241012375423 163798.656027258228
196272.613602676836 164024.892842106521
196441.722792932065 164250.901733295410
196610.569231287431 164476.683106271870
196779.153563036671 164702.237364800909
196947.476430639916 164927.564910974877
197115.538473742257 165152.666145223426
197283.340329192404 165377.541466322378
197450.882631060958 165602.191271403455
197618.166010658955 165826.615955963265
197785.191096555733 166050.815913872560
197951.958514597063 166274.791537385405
198118.468887922849 166498.543217148079
198284.722836984962 166722.071342208248
198450.720979564649 166945.376300023636
198616.463930789963 167168.458476471016
198781.952303153026 167391.318255855032
198947.186706527253 167613.956020916579
199112.167748183972 167836.372152841795
199276.896032809775 168058.567031270388
199441.372162522894 168280.541034304391
199605.596736889682 168502.294538516202
199769.570352941548 168723.827918957541
199933.293605190585 168945.141549166990
200096.767085646337 169166.235801179078
200259.991383831511 169387.111045531841
200422.967086798075 169607.767651275237
200585.694779142970 169828.205985979119
200748.175043023803 170048.426415741298
200910.408458174323 170268.429305195459
201072.395601920027 170488.215017518960
201234.137049193378 170707.783914440952
201395.633372549026 170927.136356249801
201556.885142178595 171146.272701800888
201717.892925926193 171365.193308524496
201878.657289302850 171583.898532433086
202039.178795501182 171802.388728129037
202199.458005410270 172020.664248812012
202359.495477630146 172238.725446286757
202519.291768485913 172456.572670969763
202678.847432042152 172674.206271897274
202838.163020117267 172891.626596732240
202997.239082297223 173108.833991771477
203156.076165949780 173325.828801953088
203314.674816238228 173542.611370863393
203473.035576134978 173759.182040743879
203631.158986435417 173975.541152498481
203789.045585771470 174191.689045700448
203946.695910624694 174407.626058598980
204104.110495340050 174623.352528126532
204261.289872138732 174838.868789905304
204418.234571131557 175054.175178254052
204574.945120331977 175269.272026194929
204731.422045668704 175484.159665459942
204887.665870999132 175698.838426497678
205043.677118121559 175913.308638479939
205199.456306787964 176127.570629308175
205355.003954716725 176341.624725619797
205510.320577604929 176555.471252794960
205665.406689140771 176769.110534962674
205820.262801015895 176982.542895007093
205974.889422937413 177195.768654574000
206129.287062640302 177408.788134076982
206283.456225899077 177621.601652703568
206437.397416539927 177834.209528421372
206591.111136452586 178046.612077984319
206744.597885601921 178258.809616938524
206897.858162039600 178470.802459628554
207050.892461915966 178682.590919203241
207203.701279491128 178894.175307621539
207356.285107146658 179105.555935658747
207508.644435396796 179316.733112911839
207660.779752899776 179527.707147805893
207812.691546469083 179738.478347599419
207964.380301084166 179949.047018390236
208115.846499901993 180159.413465121092
208267.090624267585 180369.577991585480
208418.113153725018 180579.540900432999
208568.914566028194 180789.302493175230
208719.495337151573 180998.863070190942
208869.855941300804 181208.222930731834
209019.996850923199 181417.382372927823
209169.918536718294 181626.341693792609
209319.621467648307 181835.101189228939
209469.106110948400 182043.661154033995
209618.372932136845 182252.021881904657
209767.422395025467 182460.183665442775
209916.254961729574 182668.146796160494
210064.871092678164 182875.911564485345
210213.271246623655 183083.478259765368
210361.455880652124 183290.847170274414
210509.425450192968 183498.018583216966
210657.180409028602 183704.992784733360
210804.721209304436 183911.770059904928
210952.048301538394 184118.350692758628
211099.162134630460 184324.734966272285
211246.063155872078 184530.923162379273
211392.751810956019 184736.915561973728
211539.228543985315 184942.712444915000
211685.493797482835 185148.314090032683
211831.548012400483 185353.720775131398
211977.391628128593 185558.932776995527
212123.025082504726 185763.950371393759
212268.448811822833 185968.773833083949
212413.663250842568 186173.403435817774
212558.668832798139 186377.839452345273
212703.465989406890 186582.082154419360
212848.055150878412 186786.131812800508
212992.436745923478 186989.988697261258
213136.611201762513 187193.653076590621
213208.979004657071 187295.919296891079
213251.945098513854 187356.648553704843
213424.147478542727 187601.136271310301
213567.702329205727 187804.232465615642
213711.051735718589 188007.137220115488
213854.196117987769 188209.850798749452
213997.135894480540 188412.373464499804
214139.871482233400 188614.705479395983
214282.403296860488 188816.847104518762
214424.731752561464 189018.798600004404
214566.857262130245 189220.560225049034
214708.780236962572 189422.132237912592
214850.501087064476 189623.514895923116
214992.020221060084 189824.708455480752
215133.338046199788 190025.713172061864
215274.454968368023 190226.529300223192
215415.371392091183 190427.157093605696
215556.087720545474 190627.596804938570
215696.604355564632 190827.848686043406
215836.921697647893 191027.912987837859
215977.040145967243 191227.789960339869
216116.960098375392 191427.479852671153
216256.681951413368 191626.982913061482
216396.206100317911 191826.299388852291
216535.532939028984 192025.429526500404
216674.662860197219 192224.373571582051
216813.596255191573 192423.131768796447
216952.333514106314 192621.704361969692
217090.875025768473 192820.091594058147
217229.221177745261 193018.293707152538
217367.372356351203 193216.310942481301
217505.328946655267 193414.143540414399
217643.091332487907 193611.791740466637
217780.659896448604 193809.255781301763
217918.035019912350 194006.535900735529
218055.217083037045 194203.632335739356
218192.206464770308 194400.545322443999
218329.003542856692 194597.275096142985
218465.608693843911 194793.821891295753
218602.022293090529 194990.185941531672
218738.244714772212 195186.367479652981
218874.276331888599 195382.366737638280
219010.117516270227 195578.183946646022
219145.768638584967 195773.819337017805
219281.230068344885 195969.273138281569
219416.502173912711 196164.545579155092
219551.585322508676 196359.636887549277
219686.479880216590 196554.547290570976
219821.186211990804 196749.277014526859
219955.704681662435 196943.826284926210
220090.035651945887 197138.195326484187
220224.179484445194 197332.384363125020
220358.136539660482 197526.393617985217
220491.907176994049 197720.223313416442
220625.491754756949 197913.873670989007
220758.890630175098 198107.344911494671
220892.104159395531 198300.637254949688
221025.132697492489 198493.750920598046
221157.976598473731 198686.686126914108
221290.636215286533 198879.443091606227
221423.111899823911 199072.022031619068
221555.404002930358 199264.423163136962
221687.512874408334 199456.646701586666
221819.438863023708 199648.692861640360
221951.182316512306 199840.561857218592
222082.743581585382 200032.253901492892
222214.123003935558 200223.769206888916
222345.320928243047 200415.107985089242
222476.337698180869 200606.270447035960
222607.173656421306 200797.256802933640
222737.829144641262 200988.067262252240
222868.304503528023 201178.702033729496
222998.600072785135 201369.161325374007
223128.716191138024 201559.445344467764
223258.653196339466 201749.554297568829
223388.411425175436 201939.488390514220
223517.991213470756 202129.247828422289
223647.392896094272 202318.832815695583
223776.616806964827 202508.243556023430
223905.663279056549 202697.480252384325
224034.532644404273 202886.543107048841
224163.225234109268 203075.432321582048
224291.741378344246 203264.148096845951
224420.081406359212 203452.690633002261
224548.245646486495 203641.060129514633
224676.234426146286 203829.256785151403
224804.048071851837 204017.280797988002
224931.686909214855 204205.132365409198
225059.151262950676 204392.811684111832
225186.441456883622 204580.318950107205
225313.557813952066 204767.654358723230
225440.500656213932 204954.818104607140
225567.270304851379 205141.810381727671
225693.867080176395 205328.631383377447
225820.291301635589 205515.281302175223
225946.543287815613 205701.760330068500
226072.623356448050 205888.068658335687
226198.531824414240 206074.206477587955
226324.269007750816 206260.173977772385
226449.835221654357 206445.971348173305
226575.230780486309 206631.598777415231
226700.455997778277 206817.056453464727
226825.511186236603 207002.344563632534
226950.396657747624 207187.463294576097
227075.112723382190 207372.412832301459
227199.659693400958 207557.193362165592
227324.037877258699 207741.805068878195
227448.247583609773 207926.248136504320
227572.289120312431 208110.522748466115
227696.162794433796 208294.629087544949
227819.868912254664 208478.567335883767
227943.407779274188 208662.337674988579
228066.779700214567 208845.940285731223
228189.984979025758 209029.375348350644
228313.023918890511 209212.643042455718
228435.896822228417 209395.743547026388
228558.603990700940 209578.677040416369
228681.145725216076 209761.443700354605
228803.522325932892 209944.043703947595
228925.734092265920 210126.477227680880
229047.781322890107 210308.744447421428
229169.664315745089 210490.845538419409
229291.383368039940 210672.780675309798
229412.938776257331 210854.550032114494
229534.330836158450 211036.153782244277
229655.559842787246 211217.592098500259
229776.626090475125 211398.865153076302
229897.529872845073 211579.973117560236
230018.271482816286 211760.916162935871
230138.851212608512 211941.694459584949
230259.269353746728 212122.308177288738
230322.538694762596 212208.121566588088
230442.953957556630 212388.287489072769
230563.208354932198 212568.289256857883
230683.302175981691 212748.127037829836
230803.235709123226 212927.800999281259
230923.009242104454 213107.311307912663
231042.623062006867 213286.658129834017
231162.077455250663 213465.841630566574
231281.372707598290 213644.861975044390
231400.509104159224 213823.719327616069
231519.486929393897 214002.413852046186
231638.306467118178 214180.945711517095
231756.968000507419 214359.315068630356
231875.471812100732 214537.522085408506
231992.891255522409 214714.172127021273
232111.081699256960 214892.056216079975
232229.115262842242 215069.778446157259
232346.992226318980 215247.338976978906
232464.712869112671 215424.737967699417
232582.277470037254 215601.975576903118
232699.686307299504 215779.051962605881
232816.939658503223 215955.967282256635
232934.037800653023 216132.721692738356
233050.981010158808 216309.315350370220
233167.769562839443 216485.748410908418
233284.403733927116 216662.021029547788
233400.883798071183 216838.133360923326
233517.210029342299 217014.085559111409
233576.001949505473 217129.495223381498
233691.880860825127 217305.453151810740
233807.606651078357 217481.251336496411
233923.179592376284 217656.889929403726
234038.599956268183 217832.369081946177
234153.868013745785 218007.688944986934
234268.984035247326 218182.849668840267
234383.948290661268 218357.851403272536
234498.761049330351 218532.694297503680
234613.422580055543 218707.378500208375
234727.933151099947 218881.904159517202
234842.293030192726 219056.271423018072
234956.502484532946 219230.480437757156
235070.561780793592 219404.531350240344
235184.471185125323 219578.424306434143
235298.230963160400 219752.159451767046
235411.841380016645 219925.736931130697
235525.302700301138 220099.156888880738
235638.615188114258 220272.419468838343
235751.779107053299 220445.524814291159
235864.794720216625 220618.473067994142
235977.662290207169 220791.264372170903
236090.382079136500 220963.898868514982
236202.954348628555 221136.376698190259
236315.379359823390 221308.698001832789
236427.657373381080 221480.862919551146
236539.788649485505 221652.871590927825
236651.773447848158 221824.724155020143
236763.612027711701 221996.420750361052
236875.304647854122 222167.961514960567
236986.851566592464 222339.346586306288
237098.253041785938 222510.576101364364
237209.509330840781 222681.650196580740
237320.620690713084 222852.569007881772
237431.587377912918 223023.332670675270
237542.409648508299 223193.941319851554
237653.087758128357 223364.395089783706
237763.621961967641 223534.694114329322
237874.012514789501 223704.838526830630
237984.259670930129 223874.828460115794
238094.363684301788 224044.664046499354
238204.324808397039 224214.345417783421
238314.143296292255 224383.872705258167
238423.819400651235 224553.246039702761
238533.353373729129 224722.465551386093
238642.745467375935 224891.531370067474
238751.995933040424 225060.443624997599
238861.105021773576 225229.202444918948
238970.072984232538 225397.807958066725
239078.900070684118 225566.260292169434
239187.586531008681 225734.559574449755
239296.132614703616 225902.705931624980
239404.538570887322 226070.699489907915
239512.804648302321 226238.540375007025
239620.931095319829 226406.228712127806
239728.918159942667 226573.764625972894
239836.766089809302 226741.148240742739
239944.475132197462 226908.379680136248
240052.045534027799 227075.459067351301
240159.477541867585 227242.386525085487
240266.771401934442 227409.162175536447
240373.927360099886 227575.786140402401
240480.945661893260 227742.258540882875
240587.826552505139 227908.579497679020
240694.570276791172 228074.749130994081
240801.177079275658 228240.767560533946
240907.647204155423 228406.634905507643
241013.980895303423 228572.351284627744
241120.178396271978 228737.916816110694
241226.239950297429 228903.331617677381
241332.165800302872 229068.595806553436
241437.956188902259 229233.709499469551
241543.611358404363 229398.672812662233
241649.131550815859 229563.485861873516
241754.517007845396 229728.148762351950
241859.767970907415 229892.661628852336
241964.884681125433 230057.024575636693
242069.867379336152 230221.237716473814
242174.716306092887 230385.301164640201
242279.431701669353 230549.215032919892
242384.013806063624 230712.979433604924
242488.462859001418 230876.594478495535
242592.779099940206 231040.060278900375
242696.962768072524 231203.376945636497
242801.014102330199 231366.544589030091
242904.933341387630 231529.563318915985
243008.720723665872 231692.433244638174
243112.376487336151 231855.154475050018
243215.900870323676 232017.727118514216
243319.294110311486 232180.151282902865
243422.556444744056 232342.427075597807
243525.688110831165 232504.554603490309
243628.689345551596 232666.533972981444
243731.560385657009 232828.365289982117
243834.301467675657 232990.048659912893
243936.912827916181 233151.584187704109
244039.394702471443 233312.971977796115
244141.747327222227 233474.212134138652
244243.970937841048 233635.304760191415
244346.065769796405 233796.249958923698
244448.032058355835 233957.047832814424
244549.870038590481 234117.698483852000
244651.579945378326 234278.202013534115
244753.162013408495 234438.558522867737
244854.616477184987 234598.768112369056
244955.943571030424 234758.830882063165
245057.143529089983 234918.746931483736
245158.216585335438 235078.516359673347
245259.162973568978 235238.139265182748
245359.982927426696 235397.615746070747
245460.676680383476 235556.945899904327
245561.244465755764 235716.129823757568
245661.686516706366 235875.167614212376
245762.003066248086 236034.059367357404
245862.194347247510 236192.805178787938
245962.260592429491 236351.405143605894
246062.202034380520 236509.859356418950
246162.018905553123 236668.167911340221
246261.711438269849 236826.330901988404
246361.279864726966 236984.348421486648
246460.724416998884 237142.220562462608
246560.045327042200 237299.947417047777
246659.242826699279 237457.529076876992
246758.317147702852 237614.965633088024
246857.268521679798 237772.257176320942
246956.097180155542 237929.403796717786
247054.803354557720 238086.405583921762
247153.387276220834 238243.262627076707
247251.849176389951 238399.975014826719
247350.189286225068 238556.542835315224
247448.407836805331 238712.966176184418
247546.505059133167 238869.245124574809
247644.481184138393 239025.379767124134
247742.336442682776 239181.370189967274
247840.071065563825 239337.216478734626
247937.685283519240 239492.918718552188
248035.179327231424 239648.476994040364
248132.553427331470 239803.891389313241
248229.807814403495 239959.161987977626
248326.942718989216 240114.288873132668
248423.958371591958 240269.272127368284
248520.855002681405 240424.111832765018
248617.632842697727 240578.808070892526
248714.292122055980 240733.360922808963
248810.833071150730 240887.770469059848
248907.255920360301 241042.036789677310
249003.560900051292 241196.159964178718
249099.748240583227 241350.140071565984
249195.818172313011 241503.977190324484
249291.770925599150 241657.671398421400
249387.606730806729 241811.222773305635
249483.325818312005 241964.631391905772
249578.928418506432 242117.897330629319
249674.414761802065 242271.020665361371
249769.785078635672 242424.001471463591
249865.039599473675 242576.839823772811
249960.178554816695 242729.535796599695
250041.707942231325 242744.374311859836
250136.896734530339 242896.641815553186
250231.970522299176 243048.767133182380
250326.929536432726 243200.750337237550
250421.774007884407 243352.591499675502
250516.504167671315 243504.290691918228
250611.120246878942 243655.847984851513
250705.622476666089 243807.263448823331
250800.011088270025 243958.537153642421
250894.286313011398 244109.669168576860
250988.448382298928 244260.659562351881
251082.497527634987 244411.508403149113
251176.433980620495 244562.215758604492
251270.257972959604 244712.781695806247
251363.969736465602 244863.206281293882
251457.569503065315 245013.489581056114
251551.057504805067 245163.631660528976
251644.433973855193 245313.632584594219
251737.699142515892 245463.492417577363
251830.853243222169 245613.211223245773
251923.896508549282 245762.789064807002
252016.829171218269 245912.226004906464
252109.651464101073 246061.522105625918
252202.363620226271 246210.677428480994
252294.965872784320 246359.692034419626
252387.458455133194 246508.565983819251
252479.841600804153 246657.299336485710
252572.115543506778 246805.892151650303
252664.280517135310 246954.344487967639
252756.336755773576 247102.656403513800
252848.284493701445 247250.827955783898
252940.123965400067 247398.859201689571
253031.855405557813 247546.750197556947
253123.479049076326 247694.500999124080
253214.995131075848 247842.111661538365
253306.403886901913 247989.582239354611
253397.705552130559 248136.912786531815
253488.900362574932 248284.103356431267
253579.988554291078 248431.154001813440
253670.970363583911 248578.064774835861
253761.846027013555 248724.835727049795
253852.615781401662 248871.466909398121
253943.279863837321 249017.958372212277
254033.838511683571 249164.310165209521
254124.291962583724 249310.522337489936
254214.640454467502 249456.594937533664
254304.884225558140 249602.528013198113
254395.023514378030 249748.321611714578
254485.058559755707 249893.975779685396
254574.989600832690 250039.490563081112
254664.816877069476 250184.866007236589
254754.540628252842 250330.102156848763
254844.161094502255 250475.199055972567
254933.678516276879 250620.156748018286
255023.093134382390 250764.975275747885
255112.405189977784 250909.654681271466
255201.614924582449 251054.195006044203
255290.722580083268 251198.596290862333
255379.728398741747 251342.858575860271
255468.632623201003 251486.981900506362
255557.435496493272 251630.966303599504
255646.137262046803 251774.811823265511
255734.738163693488 251918.518496952864
255823.238445676398 252062.086361429538
255911.638352656941 252205.515452778462
255999.938129722548 252348.805806393910
256088.138022394473 252491.957456977543
256176.238276635180 252634.970438533870
256264.239138856297 252777.844784366665
256352.140855926351 252920.580527074198
256439.943675178685 253063.177698545507
256527.647844419436 253205.636329955509
256615.253611935710 253347.956451761129
256702.761226503382 253490.138093696121
256790.170937395567 253632.181284767430
256877.482994390768 253774.086053249601
256964.697647781257 253915.852426680824
257051.815148381545 254057.480431857839
257138.835747536825 254198.970094831166
257225.759697131551 254340.321440900123
257312.587249598029 254481.534494608029
257399.318657925527 254622.609279736935
257485.954175668623 254763.545819302526
257572.494056956552 254904.344135549152
257658.938556501758 255045.004249944061
257745.287929609563 255185.526183172566
257831.542432187009 255325.909955132112
257917.702320752083 255466.155584927066
258003.767852443299 255606.263090862980
258089.739285029063 255746.232490440831
258175.616876917164 255886.063800351083
258261.400887164695 256025.757036468305
258347.091575487575 256165.312213844736
258432.689202270325 256304.729346704116
258518.194028576429 256444.008448436274
258603.606316157937 256583.149531589792
258688.926327466092 256722.152607866796
258774.154325661017 256861.017688115418
258859.290574622835 256999.744782324095
258944.335338961449 257138.333899614576
259029.288884027628 257276.785048235150
259114.151475923485 257415.098235553945
259198.923381513509 257553.273468051688
259283.604868435214 257691.310751315177
259368.196205110406 257829.210090029519
259452.697660756414 257966.971487971314
259537.109505397297 258104.594948000828
259621.432009875134 258242.080472055008
259705.665445861843 258379.428061139450
259789.810085870675 258516.637715320801
259873.866203268204 258653.709433719079
259925.991407366062 258738.713908424252
259968.067580426752 258807.332282303600
260010.121654639108 258875.915992300579
260052.153664756886 258944.465037956106
260094.163645590481 259012.979418749514
260136.151632007502 259081.459134098259
260178.117658932635 259149.904183357430
260220.061761348887 259218.314565820008
260261.983974296920 259286.690280715848
260303.572705647297 259355.518783083564
260387.076639760402 259491.779301367060
260470.494026698056 259627.901849322428
260553.825147216703 259763.886418058100
260637.070283039619 259899.732997657993
260720.229716870264 260035.441577172343
260803.303732405824 260171.012144608947
260886.292614350212 260306.444686922827
260969.196648428246 260441.739190007414
261052.016121399502 260576.895638684364
261134.751321071759 260711.914016693656
261217.402536315960 260846.794306683820
261299.970057080063 260981.536490201164
261382.454174403567 261116.140547680086
261464.855180432351 261250.606458431837
261547.173368433519 261384.934200634219
261629.409032810363 261519.123751320643
261711.562469117547 261653.175086368894
261793.633974076714 261787.088180490013
261875.623845591879 261920.863007216918
261957.532382765377 262054.499538892822
262039.359885913524 262187.997746658977
262121.106656583142 262321.357600443647
262202.772997567838 262454.579068949155
262284.359212924610 262587.662119639572
262365.865607990185 262720.606718728668
262447.292489398737 262853.412831166526
262528.640165098477 262986.080420627142
262609.908944369527 263118.609449494747
262691.099137841200 263250.999878850707
262772.211057509936 263383.251668460027
262853.245016757515 263515.364776757080
262934.201330369455 263647.339160831878
263015.080314553110 263779.174776415806
263095.882286956883 263910.871577866958
263176.607566689374 264042.429518155521
263257.256474337890 264173.848548848531
263333.851862893091 264302.797534579877
263414.351614910818 264433.949138027674
263494.775954754034 264564.961679139000
263575.125209065736 264695.835103760590
263655.399706067576 264826.569356257620
263735.599775580748 264957.164379497583
263815.725749046658 265087.620114833233
263895.777959549101 265217.936502085300
263975.756741835095 265348.113479525608
264055.662432337471 265478.150983858912
264135.495369196578 265608.048950204917
264215.255892283574 265737.807312080578
264294.944343222247 265867.426001380605
264374.561065413232 265996.904948359414
264454.106404057005 266126.244081611163
264533.580706177396 266255.443328050547
264612.984320646559 266384.502612893179
264692.317598208494 266513.421859634633
264771.580891504302 266642.200990030193
264850.774555097567 266770.839924074360
264929.898945499444 266899.338579978677
265008.954421194678 267027.696874150599
265087.941342667851 267155.914721171663
265166.860072429816 267283.992033774091
265245.710975044698 267411.928722819139
265324.494417157664 267539.724697272934
265403.210767521756 267667.379864183255
265481.860397026932 267794.894128655375
265560.443678727839 267922.267393827555
265602.760903538554 267990.843984194915
265624.945761196490 268026.894488207938
265644.999267279985 268059.494152559899
265727.273230211693 268193.308230972150
265805.464315383637 268320.368575792236
265883.590615288471 268447.287500461214
265961.652513933077 268574.064897847536
266039.650397661491 268700.700658699730
266117.584655186161 268827.194671618869
266195.455677620193 268953.546823030512
266273.263858509134 269079.756997155957
266351.009593864146 269205.825075982895
266428.693282195192 269331.750939236081
266506.315324544557 269457.534464346827
266583.876124521717 269583.175526422216
266661.376088337332 269708.673998213548
266738.815624839102 269834.029750084912
266816.195145547565 269959.242649980297
266893.515064692299 270084.312563390180
266970.775799249008 270209.239353318291
267047.977768976765 270334.022880246921
267125.121396456147 270458.663002101821
267202.207107128517 270583.159574216872
267279.235329334042 270707.512449297006
267356.206494352722 270831.721477382060
267433.121036443976 270955.786505808239
267509.979392888607 271079.707379169995
267586.782004031702 271203.483939266647
267663.529313320818 271327.116025081079
267740.221767352021 271450.603472743940
267816.859815912961 271573.946115482424
267893.443912027986 271697.143783578184
267969.974512002140 271820.196304324025
268046.452075468085 271943.103501980135
268122.877065431734 272065.865197728679
268199.249948320095 272188.481209628750
268275.571194029180 272310.951352569158
268351.841275973071 272433.275438221230
268428.060671132931 272555.453274990141
268504.229860108113 272677.484667965444
268580.349327167205 272799.369418870599
268656.419560299721 272921.107326011639
268732.441051269707 273042.698184224369
268808.414295668772 273164.141784821113
268884.339792971616 273285.437915535993
268960.218046590802 273406.586360468762
269036.049563933979 273527.586900028866
269111.834856461093 273648.439310875896
269187.574439742253 273769.143365861848
269263.268833518086 273889.698833969596
269338.918561759405 274010.105480251717
269414.524152729020 274130.363065767277
269490.086139043968 274250.471347517276
269565.605057739071 274370.430078379344
269641.081450331549 274490.239007040684
269716.515862886619 274609.897877929092
269791.908846084494 274729.406431143638
269867.260955288366 274848.764402382949
269942.572750613210 274967.971522872103
270017.844796996505 275087.027519288880
270093.077664269542 275205.932113686751
270168.271927230526 275324.685023417464
270243.428165718098 275443.285961051937
270318.546964687470 275561.734634298889
270393.628914286557 275680.030745921715
270468.674609934213 275798.173993653967
270543.684652399737 275916.164070113096
270618.659647883731 276034.000662711216
270693.600208100223 276151.683453564823
270768.506950360665 276269.212119403121
270843.380497659207 276386.586331472383
270918.221478759195 276503.805755439564
270993.030528281932 276620.870051294216
271067.808286796673 276737.778873246396
271142.555400911777 276854.531869623403
271217.272523368418 276971.128682764887
271291.960313135758 277087.568948913831
271366.619435507106 277203.852298106067
271441.250562198984 277319.978354057355
271515.854371451191 277435.946734047262
271590.431548129127 277551.757048800995
271664.982783827931 277667.408902367228
271739.508776978648 277782.901891995396
271814.010232955916 277898.235608007177
271888.487864188501 278013.409633667208
271962.942390271171 278128.423545049794
272037.374538079195 278243.276910902408
272111.785041884577 278357.969292506168
272186.174643474864 278472.500243532704
272260.544092274155 278586.869309897884
272334.894145466038 278701.076029611751
272409.225568119844 278815.119932624802
272483.539133318060 278929.000540670531
272557.835622287064 279042.717367104080
272632.115824530483 279156.269916737103
272706.380537964345 279269.657685668033
272780.630569055909 279382.880161108915
272854.866732964409 279495.936821207055
272929.089853684825 279608.827134862484
273003.300764194748 279721.550561540935
273077.500306603382 279834.106551082456
273151.689332304755 279946.494543503737
273225.868702132895 280058.713968797296
273300.039286520274 280170.764246723673
273374.201965660148 280282.644786599732
273448.357629670994 280394.354987080209
273522.507178765431 280505.894235934771
273596.651523421868 280617.261909817928
273670.791584559658 280728.457374034042
273744.928293718083 280839.479982295248
273819.062593238777 280950.329076473834
273893.195436451933 281061.003986346652
273967.327787866583 281171.504029334174
274041.460623364139 281281.828510231629
274115.594930396765 281391.976720932638
274189.731708188890 281501.947940145736
274263.871967944433 281611.741433103685
274338.016733055993 281721.356451263593
274412.167039320921 281830.792231999221
274486.323935159948 281940.047998285154
274560.488481841807 282049.122958371590
274634.661753711523 282158.016305450583
274708.844838424062 282266.727217311563
274783.038837182801 282375.254855989129
274857.244864983310 282483.598367399012
274931.464050861367 282591.756880964094
275005.697538147855 282699.729509230645
275079.946484727319 282807.515347471694
275154.212063303334 282915.113473280333
275228.495461669285 283022.522946150391
275302.797882984276 283129.742807045113
275377.120546055608 283236.772077952628
275451.464685627725 283343.609761428786
275525.831552676333 283450.254840126086
275600.222414709744 283556.706276308163
275674.638556076272 283662.963011350192
275749.081278278551 283769.023965223634
275823.551900294668 283874.888035965443
275898.051758906338 283980.554099131143
275972.582209033542 284086.021007231087
276047.144624077890 284191.287589148211
276121.740396271867 284296.352649539418
276196.370937037282 284401.214968217071
276271.037677349930 284505.873299510509
276345.742068113759 284610.326371608535
276420.485580542183 284714.572885880654
276495.269706548366 284818.611516175617
276570.095959143771 284922.440908098419
276644.965872845496 285026.059678263613
276719.881004092458 285129.466413523944
276794.842931671010 285232.659670173947
276869.853257149982 285335.637973127828
276944.913605324342 285438.399815068464
277020.025624669506 285540.943655570387
277095.190987805254 285643.267920191051
277170.411391970236 285745.370999533334
277245.688559505332 285847.251248274988
277321.024238349579 285948.906984165485
277396.420202545705 286050.336486988701
277471.878252755967 286151.537997489213
277547.400216790964 286252.509716261411
277622.987950148119 286353.249802601000
277698.643336562382 286453.756373313779
277774.368288569152 286554.027501485310
277850.164748077572 286654.061215204012
277926.034686958301 286753.855496240663
278001.980107641255 286853.408278679533
278078.003043727425 286952.717447499919
278154.105560612399 287051.780837106751
278230.289756123559 287150.596229806193
278306.557761169155 287249.161354226526
278382.911740401643 287347.473883679137
278459.353892892890 287445.531434459437
278535.886452824285 287543.331564083637
278612.511690188781 287640.871769458638
278689.231911507202 287738.149484983063
278766.049460557697 287835.162080575188
278842.966719119053 287931.906859625073
278919.986107727047 288028.381056868006
278997.110086444707 288124.581836174650
279074.341155645379 288220.506288254692
279151.681856809300 288316.151428269688
279229.134773333732 288411.514193352370
279306.702531354327 288506.591440025310
279384.387800580938 288601.379941517371
279462.193295144010 288695.876384970266
279540.121774453844 288790.077368533530
279618.176044069929 288883.979398338124
279696.358956582320 288977.578885347524
279774.673412501172 289070.872142077016
279853.122361157089 289163.855379176559
279931.708801608242 289256.524701870454
280010.435783556430 289348.876106246840
280089.306408266653 289440.905475388281
280168.323829493427 289532.608575338440
280247.491254409018 289623.981050894421
280326.811944533431 289715.018421216693
280406.289216663630 289805.716075248143
280485.926443799981 289896.069266932434
280565.727056067321 289986.073110220721
280645.694541628764 290075.722573857580
280725.832447587047 290165.012475933065
280806.144380873127 290253.937478191045
280886.634009115456 290342.492080079333
280967.305061486957 290430.670612529677
281048.161329525872 290518.467231452814
281129.206667923077 290605.875910934585
281210.444995272032 290692.890436116199
281291.880294774484 290779.504395744007
281373.516614894615 290865.711174369091
281455.358069953334 290951.503944180266
281537.408840655989 291036.875656449876
281619.673174540920 291121.819032572035
281702.155386341619 291206.326554671861
281784.859858247510 291290.390455762332
281867.791040053766 291374.002709424647
281950.953449182387 291457.155018986959
281999.702059909992 291505.572138928750
282022.390020129154 291528.023231801344
282045.095704247826 291550.439135287656
282067.819206416665 291572.819668138225
282090.560621150304 291595.164647422964
282113.320043327694 291617.473888512759
282136.097568189900 291639.747205058986
282158.893291339627 291661.984408974182
282181.707308740355 291684.185310412082
282204.539716714236 291706.349717747478
282223.380823671119 291730.977383869467
282307.566186439246 291812.073057638132
282392.007746360148 291892.659954720060
282476.710434509325 291972.727796913357
282561.679244125029 292052.265939098899
282646.919228788989 292131.263353076589
282732.435500251770 292209.708610586298
282818.233225864882 292287.589865468035
282904.317625572905 292364.894834917039
282990.693968421197 292441.610779785668
283077.367568523623 292517.724483881961
283164.343780433410 292593.222232213244
283251.627993852017 292668.089788120007
283339.225627605512 292742.312369244231
283427.142122809193 292815.874622273725
283515.382935135392 292888.760596402572
283603.953526088037 292960.953715445474
283692.859353178937 293032.436748542532
283782.105858891911 293103.191779390967
283871.698458304047 293173.200173938065
283961.642525226693 293242.442546469159
284051.943376708834 293310.898724027618
284142.606255734921 293378.547709100880
284233.636311928101 293445.367640513286
284325.038580052671 293511.335752464831
284416.817956090614 293576.428331664705
284508.979170642560 293640.620672510937
284601.526759380300 293703.887030278624
284694.465030251828 293766.200572287373
284787.798027112556 293827.533327036246
284881.529489422857 293887.856131306558
284975.662807623681 293947.138575259654
285070.200973761966 294005.348945577047
285165.146526905708 294062.454166725278
285260.501492844662 294118.419740465702
285356.267317535589 294173.209683769848
285452.444793705828 294226.786465362296
285549.033979985979 294279.110941168154
285646.034111903107 294330.142289024370
285743.443504016846 294379.837943097809
285841.259442445007 294428.153528555878
285939.478066987416 294475.042797156202
286038.094242026273 294520.457564560988
286137.101415356563 294564.347650333366
286236.491464093502 294606.660821765021
286336.254526806762 294647.342742881738
286436.378821057442 294686.336930210178
286536.850445567397 294723.584717149613
286637.653166337172 294759.025229084771
286738.768186155998 294792.595371689124
286840.173897126806 294824.229835223756
286941.845616072591 294853.861118000641
287043.755303003185 294881.419572577754
287145.871263225737 294906.833478653978
287248.157834183367 294930.029147039575
287350.575058724557 294950.931059464987
287453.078347247327 294969.462049346650
287555.618132047297 294985.543528918235
287658.139518221375 294999.095768327243
287760.581936658884 295010.038232351711
287862.878805962682 295018.289980261645
287964.957211584726 295023.770133968384
288066.737611992052 295026.398418932455
288168.133583250921 295026.095781254000
288269.051614961470 295022.785082894494
288369.390971896006 295016.391875030124
288469.043636867427 295006.845247058547
288567.894351144496 294994.078745776962
288665.820768964069 294978.031355732179
288762.693742202828 294958.648527786019
288858.377749879379 294935.883238674141
288952.731484721065 294909.697059946251
289045.608605428482 294880.061210431159
289136.858658474055 294846.957562586293
289226.328167327563 294810.379570132587
289313.861880083161 294770.333082626166
289399.304158866929 294726.837012446194
289482.500486553414 294679.923821369419
289563.299058752775 294629.639797650685
289641.552422327979 294576.045100348943
289717.119116495771 294519.213555368653
289789.865269386850 294459.232196952740
289859.666102220363 294396.200558620447
289926.407295210171 294330.229728088016
289989.986173951766 294261.441190781887
290050.312682080141 294189.965495396114
290107.310114956694 294115.940781906946
290160.915599357570 294039.511217045947
290211.080314845894 293960.825384203577
290257.769462925440 293880.034674068855
290300.961999495805 293797.291719233675
290340.650153997878 293712.748910910625
290376.838764568267 293626.557029371907
290409.544462360966 293538.864012311387
290438.794739943463 293449.813877647743
290464.626938539732 293359.545809840492
290487.087187150726 293268.193412008462
290506.229323622072 293175.884120299830
290522.113823920779 293082.738772245299
290534.806761601707 292988.871317276964
290544.378815022588 292894.388655180752
290550.904335548519 292799.390586861875
290554.460485991091 292703.969861297868
290555.126454963116 292608.212302758708
290552.982749785937 292512.197003121430
290548.110568012809 292415.996565243579
290540.591245194955 292319.677384810348
290530.505777890328 292223.299959113006
290517.934414268471 292126.919213614310
290502.956308585417 292030.584837930568
290485.649234259094 291934.341624442313
290466.089349624119 291838.229804108269
290444.351010740211 291742.285375165578
290420.506625813490 291646.540421408543
290394.626546073472 291551.023417597520
290366.778988302394 291455.759520284657
290337.029984599212 291360.770842946949
290305.443355364725 291266.076714811032
290272.080701904837 291171.693923158222
290237.001415469625 291077.636939192947
290200.262700436288 290983.918127734913
290161.919606930518 290890.547941582568
290122.025073416065 290797.535100783338
290080.629976588418 290704.886757660308
290037.783186362474 290612.608648473979
289993.531624900876 290520.705232485314
289947.920328512089 290429.179819240235
289900.992511436285 290338.034684891754
289852.789630692801 290247.271178352181
289803.351451306778 290156.889818042342
289752.716111350979 290066.890379968972
289700.920186346455 289977.271977822238
289647.998752648826 289888.033135747071
289593.985449532513 289799.171854399261
289538.912539740617 289710.685670855164
289482.810968330305 289622.571712904202
289425.710419685463 289534.826748215011
289367.639372608392 289447.447228823905
289308.625153435394 289360.429331364576
289248.693987145030 289273.768993418722
289187.871046452958 289187.461946339405
289126.180498902162 289101.503744866059
289063.645551972731 289015.889793825161
289000.288496247726 288930.615372184315
288936.130746678798 288845.675654702820
288871.192882002739 288761.065731401963
288805.494682365272 288676.780625056883
288739.055165212951 288592.815306894947
288671.892619513790 288509.164710667683
288604.024638372008 288425.823745248956
288535.468150100089 288342.787305897451
288466.239447813190 288260.050284309837
288396.354217609274 288177.607577578397
288325.827565397252 288095.454096156638
288254.674042436236 288013.584770927730
288182.907669642882 287931.994559460611
288110.541960727773 287850.678451530985
288037.589944214677 287769.631473978865
287964.064184398332 287688.848694965069
287889.976801290992 287608.325227684923
287815.339489609993 287528.056233593088
287740.163536851411 287448.036925184308
287664.459840498224 287368.262568377133
287588.238924403791 287288.728484535706
287511.510954394122 287209.430052168434
287434.285753128817 287130.362708334811
287356.572814255720 287051.521949788556
287278.381315898674 286972.903333884955
287199.720133509662 286894.502479277027
287120.597852118604 286816.315066419251
287041.022778011858 286738.336837903247
286961.002949868038 286660.563598639623
286880.546149378235 286582.991215903370
286799.659911378054 286505.615619258606
286718.351533515379 286428.432800375042
286636.628085476870 286351.438812748122
286554.496417796239 286274.629771334352
286471.963170266245 286198.001852112473
286389.034779971000 286121.551291576587
286305.717488961818 286045.274386174337
286222.017351590504 285969.167491691478
286137.940241520584 285893.227022595645
286053.491858428868 285817.449451340188
285968.677734416269 285741.831307636865
285883.503240138234 285666.369177700544
285797.973590672773 285591.059703472129
285712.093851134647 285515.899581820704
285625.868942051427 285440.885563732591
285539.303644510568 285366.014453486307
285452.402605089941 285291.283107820083
285365.170340581681 285216.688435091753
285277.611242518586 285142.227394435031
285189.729581513559 285067.896994913928
285101.529511420580 284993.694294676709
285013.015073323913 284919.616400110943
284924.190199367004 284845.660465002991
284835.058716424741 284771.823689699988
284745.624349629332 284698.103320279450
284655.890725754085 284624.496647723368
284565.861376464076 284551.001007101324
284475.539741437009 284477.613776761398
284384.929171362892 284404.332377529587
284294.032930825837 284331.154271919862
284202.854201074224 284258.076963353436
284111.396082684631 284185.097995388671
284019.661598122562 284112.214950962807
283927.653694206849 284039.425451643532
283835.375244479976 283966.727156893350
283742.829051489534 283894.117763344722
283650.017848983582 283821.595004087721
283556.944304026023 283749.156647969328
283463.611019031610 283676.800498904544
283370.020533727948 283604.524395200307
283276.175327044679 283532.326208890998
283182.077818934806 283460.203845086042
283087.730372129474 283388.155241330038
282993.135293830768 283316.178366974462
282898.294837342983 283244.271222561190
282803.211203646904 283172.431839219003
282707.886542917928 283100.658278070157
282612.322955991607 283028.948629649705
282516.522495777404 282957.301013336575
282420.487168623600 282885.713576794951
282324.218935636105 282814.184495427762
282227.719713950180 282742.711971840938
282130.991377960716 282671.294235318492
282034.035760509898 282599.929541308666
281936.854654034716 282528.616170920315
281839.449811676692 282457.352430429833
281741.822948353889 282386.136650798318
281643.975741798291 282314.967187198694
281545.909833558078 282243.842418553366
281447.626829967718 282172.760747079970
281349.128303086443 282101.720597848820
281250.415791605774 282030.720418347570
281151.490801728505 281959.758678056474
281052.354808019125 281888.833868032089
280953.009254227218 281817.944500499929
280853.455554084736 281747.089108455228
280753.695092078415 281676.266245272825
280653.729224197683 281605.474484325270
280553.559278658999 281534.712418607960
280453.186556608707 281463.978660374007
280352.612332803255 281393.271840775094
280251.837856268801 281322.590609511302
280150.864350940799 281251.933634486981
280049.693016284436 281181.299601475650
279973.506137524673 281134.566995561880
279871.974871327169 281063.985376742785
279770.248893090931 280993.423250785971
279668.329316805524 280922.879366753099
279566.217234667332 280852.352490085468
279463.913717600517 280781.841402306687
279361.419815763773 280711.344900731056
279258.736559041950 280640.861798178230
279155.864957523940 280570.390922694874
279052.806001965306 280499.931117280037
278949.560664239863 280429.481239618326
278846.129897776351 280359.040161817393
278742.514637983404 280288.606770151295
278638.715802663239 280218.179964809446
278534.734292412293 280147.758659650106
278430.570991011977 280077.341781959578
278326.226765807893 280006.928272216173
278221.702468077943 279936.517083858780
278116.998933391820 279866.107183060551
278012.116981959378 279795.697548507189
277907.057418969576 279725.287171179312
277801.821034921159 279654.875054140284
277696.408605942910 279584.460212326783
277590.820894106699 279514.041672345309
277485.058647731727 279443.618472271657
277379.122601679410 279373.189661454991
277273.013477642613 279302.754300325352
277166.731984425627 279232.311460205761
277060.278818217106 279161.860223127645
276953.654662856716 279091.399681649869
276846.860190093284 279020.928938681376
276739.896059837716 278950.447107308020
276632.762920408568 278879.953310621611
276525.461408771807 278809.446681553731
276417.992150773644 278738.926362711703
276310.355761368701 278668.391506218060
276202.552844840975 278597.841273553844
276094.583995020308 278527.274835404183
275986.449795493099 278456.691371506720
275878.150819807313 278386.090070504230
275769.687631673121 278315.470129798574
275661.060785158188 278244.830755408388
275552.270824877778 278174.171161829610
275443.318286181253 278103.490571897652
275334.203695332748 278032.788216653629
275224.927569688181 277962.063335212064
275115.490417868306 277891.315174631833
275005.892739926232 277820.542989788228
274896.135027512850 277749.746043250139
274786.217764036555 277678.923605156306
274676.141424819827 277608.074953095987
274565.906477252720 277537.199371991563
274455.513380941586 277466.296153982403
274344.962587855349 277395.364598312706
274234.254542467475 277324.404011218867
274123.389681895263 277253.413705821498
274012.368436035526 277182.393002017809
273901.191227697534 277111.341226376477
273789.858472732361 277040.257712034509
273678.370580159768 276969.141798595956
273566.727952291723 276897.992832032149
273454.930984853883 276826.810164584662
273342.980067102937 276755.593154668109
273230.875581943197 276684.341166778002
273118.617906038708 276613.053571396100
273006.207409924245 276541.729744901066
272893.644458112889 276470.369069478707
272780.929409201955 276398.970933034318
272668.062615975912 276327.534729106876
272555.044425507542 276256.059856784414
272441.875179256778 276184.545720620896
272328.555213166983 276112.991730554728
272215.084857759939 276041.397301828663
272101.464438227762 275969.761854910816
271987.694274523761 275898.084815417882
271873.774681450799 275826.365614038310
271759.705968747847 275754.603686458198
271645.488441174966 275682.798473287723
271531.122398596024 275610.949419988901
271416.608136060124 275539.055976804870
271301.945943880826 275467.117598689627
271187.136107714439 275395.133745240571
271072.178908635629 275323.103880629991
270957.074623212684 275251.027473539812
270841.823523579806 275178.903997095709
270726.425877509464 275106.732928803831
270610.881948481896 275034.513750487240
270495.191995753848 274962.245948224503
270379.356274426216 274889.929012288922
270263.375035509234 274817.562437088112
270147.248525987496 274745.145721105509
270030.976988882991 274672.678366843029
269914.560663317214 274600.159880763385
269797.999784571235 274527.589773233980
269681.294584146119 274454.967558472883
269564.445289820665 274382.292754493770
269447.452125708456 274309.564883052721
269330.315312314022 274236.783469596354
269213.035066587850 274163.948043209617
269095.611601979996 274091.058136565087
268978.045128492988 274018.113285873784
268860.335852733406 273945.113030834997
268742.483977962693 273872.056914588611
268624.489704146923 273798.944483667321
268506.353228005522 273725.775287949655
268388.074743058940 273652.548880614282
268269.654439675971 273579.264818094205
268151.092505119450 273505.922660032345
268032.389123591362 273432.521969237481
267913.544476277311 273359.062311641057
267794.558741389890 273285.543256254634
267675.432094211283 273211.964375127514
267556.164707128541 273138.325243316824
267436.756749688764 273064.625438829884
267317.208388630650 272990.864542585448
267197.519787925354 272917.042138378543
267077.691108814557 272843.157812841935
266957.722509849234 272769.211155408178
266837.614146926848 272695.201758271491
266717.366173327900 272621.129216351081
266596.978739751736 272546.993127254420
266476.451994352508 272472.793091241154
266355.786082773062 272398.528711187828
266234.981148179912 272324.199592552905
266114.037331295549 272249.805343342246
265992.954770432552 272175.345574075473
265871.733601524727 272100.819897752372
265750.373958159587 272026.227929819725
265628.875971608912 271951.569288139697
265507.239770859713 271876.843592957011
265385.465482643805 271802.050466867979
265263.553231467609 271727.189534788951
265141.503139641194 271652.260423926578
265019.315327306103 271577.262763746839
264896.989912464167 271502.196185945882
264750.591814751155 271412.717206537607
264627.960052318347 271337.510891354934
264505.191050303518 271262.234496567748
264382.284918024088 271186.887662925525
264259.241762795544 271111.470033259771
264136.061689955473 271035.981252456957
264012.744802888948 270960.420967431623
263889.291203052155 270884.788827099837
263765.700989996607 270809.084482353122
263641.974261392548 270733.307586033305
263518.111113051593 270657.457792906149
263394.111638949311 270581.534759637259
263271.030106047925 270506.183476597362
263146.759410258790 270430.113569346780
263022.352659097349 270353.969405962562
262897.809939428931 270277.750650449540
262773.131336390565 270201.456968592887
262648.316933410708 270125.088027933845
262523.366812229913 270048.643497748359
262398.281052920211 269972.123049023387
262273.059733904491 269895.526354435540
262147.702931975771 269818.853088329139
262022.210722315853 269742.102926694613
261896.583178513916 269665.275547147263
261770.820372584596 269588.370628906297
261644.922374985646 269511.387852774234
261518.889254635811 269434.326901116234
261392.721078932052 269357.187457840308
261266.417913766432 269279.969208377181
261139.979823542933 269202.671839660907
261013.406871193671 269125.295040108846
260886.699118195713 269047.838499603618
260759.856624586188 268970.301909473259
260632.879448978492 268892.684962472937
260505.767648577777 268814.987352766795
260378.521279195615 268737.208775909443
260251.140395265422 268659.348928828025
260131.637844877347 268586.256002812122
260003.996392326138 268508.239431808412
259876.220577308995 268430.140707995510
259748.310448972828 268351.959533536981
259620.266055156797 268273.695611883828
259492.087442405289 268195.348647757317
259363.774655982124 268116.918347133615
259235.327739882661 268038.404417226207
259106.746736847941 267959.806566471118
258978.031688376184 267881.124504509964
258849.182634736528 267802.357942175353
258720.199614980607 267723.506591474637
258591.082666954957 267644.570165575016
258461.831827312941 267565.548378788284
258332.447131526686 267486.440946556104
258202.928613898548 267407.247585435049
258073.276307572611 267327.968013082515
257943.490244545857 267248.601948241470
257813.570455679117 267169.149110727245
257683.516970708617 267089.609221412917
257553.329818256025 267009.982002215518
257423.009025839012 266930.267176082125
257292.554619882401 266850.464466977050
257161.966625727684 266770.573599867639
257031.245067643380 266690.594300711120
256900.389968835254 266610.526296442200
256769.401351455570 266530.369314959331
256638.279236613336 266450.123085112427
256507.023644383182 266369.787336689653
256375.634593815339 266289.361800405837
256244.112102944491 266208.846207889204
256112.456188798911 266128.240291669674
255980.666867409454 266047.543785166577
255848.744153818407 265966.756422676961
255716.688062088127 265885.877939363301
255584.498605309433 265804.908071242273
255452.175795610383 265723.846555172990
255319.719644164375 265642.693128845654
255187.130161198089 265561.447530770150
255152.680393109971 265540.336328249949
255009.898125686450 265452.740990016493
254877.056713941856 265371.229825688526
254744.081998057518 265289.625623073953
254610.973984251905 265207.928124062368
254477.732677838037 265126.137071306235
254344.358083231084 265044.252208210062
254210.850203955604 264962.273278919980
254077.209042652801 264880.200028313382
253943.434601087560 264798.032201988739
253809.526880155492 264715.769546255353
253675.485879889951 264633.411808123579
253541.311599468609 264550.958735294465
253407.004037220613 264468.410076150612
253272.563190632616 264385.765579745814
253137.989056355727 264303.024995795800
253003.281630211801 264220.188074668753
252868.440907199547 264137.254567375348
252733.466881501343 264054.224225560611
252598.359546488588 263971.096801493200
252463.118894728424 263887.872048057441
252327.744917989272 263804.549718743714
252192.237607247051 263721.129567639728
252056.596952690656 263637.611349421553
251920.822943727748 263553.994819344720
251784.915568990546 263470.279733235948
251648.874816341326 263386.465847484244
251512.700672877574 263302.552919032169
251376.393124937720 263218.540705367806
251239.952158106375 263134.428964516439
251103.377757219278 263050.217455031700
250966.669906369032 262965.905935988121
250829.828588909440 262881.494166972407
250692.853787461150 262796.981908075919
250555.745483916020 262712.368919885950
250418.503659442620 262627.654963478853
250281.128294490452 262542.839800411486
250143.619368794753 262457.923192713468
250005.976861381583 262372.904902880138
249868.200750571734 262287.784693864058
249730.291013985901 262202.562329068256
249592.247628548590 262117.237572338257
249454.070570492884 262031.810187955154
249315.759815364494 261946.279940627806
249177.315338026237 261860.646595485770
249038.737112661911 261774.909918072022
248900.025112780830 261689.069674336206
248761.179311221640 261603.125630626979
248622.199680156453 261517.077553685434
248483.086191094451 261430.925210637826
248343.838814886403 261344.668368989020
248204.457521728007 261258.306796615419
248064.942281163763 261171.840261758247
247925.293062090903 261085.268533017050
247785.509832762822 260998.591379342542
247645.592560792807 260911.808570030436
247505.541213157587 260824.919874714804
247365.355756200763 260737.925063361501
247225.036155636510 260650.823906261852
247084.582376552687 260563.616174026043
246943.994383414276 260476.301637577068
246803.272140066925 260388.880068144383
246662.415609739692 260301.351237257273
246521.424755048938 260213.714916739496
246380.299538000952 260125.970878702239
246239.039919995063 260038.118895538675
246097.645861827274 259950.158739917882
245956.117323692481 259862.090184778150
245814.454265188222 259773.913003322232
245700.680249418947 259706.565591090824
245558.761561172112 259618.202600298828
245416.708237857179 259529.730352547631
245274.520236842276 259441.148621973582
245132.197514911619 259352.457182949380
244989.740028267930 259263.655810077704
244847.147732535319 259174.744278186059
244704.420582761610 259085.722362320899
244561.558533421543 258996.589837742387
244418.561538418580 258907.346479918458
244275.429551087960 258817.992064519727
244132.162524199201 258728.526367413840
243988.760409957991 258638.949164660095
243845.223160009162 258549.260232504137
243701.550725438836 258459.459347372554
243557.743056776904 258369.546285867837
243413.800103998772 258279.520824762614
243245.564053649461 258174.266442289547
243101.327687479352 258083.996580596286
242956.955875106156 257993.613613278954
242812.448564220074 257903.117317764874
242667.805701968697 257812.507471625431
242523.027234958834 257721.783852570981
242378.113109258586 257630.946238445642
242233.063270399347 257539.994407222490
242087.877663377672 257448.928136998438
241942.556232657458 257357.747205989552
241797.098922171775 257266.451392526185
241651.505675324443 257175.040475047805
241505.776434992382 257083.514232098474
241359.911143526930 256991.872442321997
241213.909742756077 256900.114884457405
241067.772173985752 256808.241337333428
240921.498378001968 256716.251579864998
240775.088295072288 256624.145391047554
240628.541864947474 256531.922549952869
240481.859026863123 256439.582835724344
240335.039719541412 256347.126027572463
240188.083881192550 256254.551904770196
240040.991449516325 256161.860246648488
239893.762361703702 256069.050832591747
239746.396554438106 255976.123442033131
239598.893963897193 255883.077854450559
239451.254525754077 255789.913849361998
239303.478175178723 255696.631206320802
239155.564846839494 255603.229704911908
239007.514474904339 255509.709124747023
238859.326993042137 255416.069245460327
238711.002334424236 255322.309846704418
238562.540431725414 255228.430708145810
238413.941217125248 255134.431609460531
238265.204622309422 255040.312330330256
238116.330578470865 254946.072650437563
237967.319016310852 254851.712349462323
237818.169866040320 254757.231207076780
237668.883057381114 254662.629002942442
237519.458519566455 254567.905516704603
237369.896181342803 254473.060527989262
237220.195970970555 254378.093816398585
237070.357816225092 254283.005161506881
236920.381644397625 254187.794342856272
236770.267382296792 254092.461139953404
236620.014956248662 253997.005332264205
236469.624292098772 253901.426699211210
236319.095315212122 253805.725020168378
236168.427950474725 253709.900074457808
236017.622122294095 253613.951641345804
235866.677754600241 253517.879500038165
235715.594770846656 253421.683429677447
235564.373094010865 253325.363209337753
235413.012646595336 253228.918618021911
235261.513350628375 253132.349434656848
235109.875127664593 253035.655438090034
234958.097898786160 252938.836407085735
234806.181584602891 252841.892120320903
234654.126105253323 252744.822356381366
234501.931380405382 252647.626893758192
234349.597329256940 252550.305510843871
234197.123870536336 252452.857985928305
234044.510922503337 252355.284097195108
233891.758402949490 252257.583622718113
233738.866229198698 252159.756340457301
233585.834318107925 252061.802028255071
233432.662586067512 251963.720463832782
233279.350949001935 251865.511424786790
233125.899322370271 251767.174688584782
232972.307621166488 251668.710032562114
232818.575759920146 251570.117233918194
232664.703652696800 251471.396069712820
232510.691213098326 251372.546316862252
232356.538354263379 251273.567752135888
232202.244988867926 251174.460152152606
232047.811029125354 251075.223293376679
231893.236386787263 250975.856952114962
231738.520973143255 250876.360904512490
231583.664699021785 250776.734926549310
231428.667474790098 250676.978794036811
231273.529210354871 250577.092282614176
231118.249815162038 250477.075167744537
230962.829198197549 250376.927224711952
230807.267267987248 250276.648228617269
230651.563932597346 250176.237954374927
230495.719099634385 250075.696176709200
230339.732676245709 249975.022670150938
230183.604569119459 249874.217209033843
230027.334684484755 249773.279567490856
229870.922928112006 249672.209519450989
229714.369205312891 249571.006838635396
229557.673420940439 249469.671298554138
229400.835479389323 249368.202672502754
229243.855284595658 249266.600733558385
229086.732740037551 249164.865254577016
228929.467748734489 249062.996008188959
228772.060213248158 248960.992766796466
228614.510035681596 248858.855302569398
228456.817117680184 248756.583387442370
228298.981360430829 248654.176793111081
228141.002664662199 248551.635291028535
227982.880930644984 248448.958652402158
227824.616058191430 248346.146648190072
227666.207946655544 248243.199049097690
227507.656494933006 248140.115625574195
227348.961601460847 248036.896147809253
227190.123164217541 247933.540385729488
227031.141080723057 247830.048108995106
226872.015248038224 247726.419086996524
226712.745562765049 247622.653088850784
226553.331921046512 247518.749883398443
226393.774218566105 247414.709239199787
226234.072350547620 247310.530924531544
226074.226211755740 247206.214707383915
225914.235696494638 247101.760355456383
225754.100698608585 246997.167636154889
225593.821111481375 246892.436316588399
225433.396828036319 246787.566163565178
225272.827740735491 246682.556943589589
225112.113741580193 246577.408422859007
224951.254722109792 246472.120367259748
224790.250573402067 246366.692542364093
224629.101186072628 246261.124713427154
224467.806450274598 246155.416645382822
224306.366255698289 246049.568102841004
224144.780491570709 245943.578850083635
223983.049046655447 245837.448651061888
223821.171809252148 245731.177269392501
223659.148667195928 245624.764468354231
223496.979507857293 245518.210010884621
223334.664218141435 245411.513659576740
223172.202684488031 245304.675176675664
223009.594792870397 245197.694324074779
222846.840428795549 245090.570863313100
222683.939477303444 244983.304555571201
222520.891822966369 244875.895161668217
222357.697349888505 244768.342442057969
222194.355941705697 244660.646156826289
222030.867481584428 244552.806065687037
221867.231852221768 244444.821927978832
221703.448935844499 244336.693502661918
221539.518614208617 244228.420548314287
221375.440768598753 244120.002823128540
221211.215279827738 244011.440084908652
221046.842028235638 243902.732091066049
220882.320893689408 243793.878598616633
220717.651755582454 243684.879364177323
220552.834492833383 243575.734143962240
220387.868983885855 243466.442693779827
220222.755106707802 243357.004769028863
220057.492738790694 243247.420124695636
219892.081757148728 243137.688515349757
219726.522038318450 243027.809695141506
219560.813458357792 242917.783417797851
219394.955892845144 242807.609436618892
219228.949216879293 242697.287504475244
219062.793305077794 242586.817373803380
218896.488031576970 242476.198796603130
218730.033270030544 242365.431524433574
218563.428893609351 242254.515308410133
218396.674775000138 242143.449899200525
218229.770786404901 242032.235047021706
218062.716799540096 241920.870501636062
217895.512685635767 241809.356012348260
217728.158315434615 241697.691328001238
217560.653559191327 241585.876196973142
217392.998286671471 241473.910367173783
217225.192367150739 241361.793586040731
217057.235669414018 241249.525600536173
216889.128061754483 241137.106157143164
216720.869411972642 241024.535001862154
216552.459587375488 240911.811880207591
216383.898454775364 240798.936537203874
216215.185880489240 240685.908717382408
216046.321730337600 240572.728164777596
215877.305869643402 240459.394622923457
215708.138163231168 240345.907834849932
215538.818475426058 240232.267543079332
215369.346670052677 240118.473489622760
215199.722610434052 240004.525415976357
215029.946159390733 239890.423063117894
214860.017179239599 239776.166171503079
214689.935531792900 239661.754481061682
214519.701078357029 239547.187731194223
214349.313679731451 239432.465660768095
214178.773196207825 239317.588008114020
214008.079487568495 239202.554511022317
213837.232413085847 239087.364906739182
213666.231831520621 238972.018931963074
213495.077601121069 238856.516322840849
213323.769579621847 238740.856814964325
213152.307624242618 238625.040143366321
212980.691591687064 238509.066042516875
212808.921338141430 238392.934246319812
212636.996719273564 238276.644488108635
212464.917590231606 238160.196500643011
212292.683805642650 238043.590016104863
212120.295219611493 237926.824766094505
211947.751685719617 237809.900481627235
211775.053057023470 237692.816893128824
211602.199186053680 237575.573730432516
211429.189924813225 237458.170722774346
211256.025124776643 237340.607598790142
211082.704636888229 237222.884086510923
210909.228311561048 237104.999913359527
210735.595998675359 236986.954806146532
210561.807547577220 236868.748491066304
210387.862807077589 236750.380693693238
210213.761625450017 236631.851138977712
210039.503850430250 236513.159551242134
209865.089329213952 236394.305654177209
209690.517908455920 236275.289170837787
209515.789434268256 236156.109823638690
209340.903752219165 236036.767334351374
209165.860707331100 235917.261424099153
208990.660144079739 235797.591813353618
208815.301906392240 235677.758221930679
208639.785837645613 235557.760368986143
208464.111780665611 235437.597973011987
208288.279577724694 235317.270751832169
208112.289070540923 235196.778422598611
207936.140100276010 235076.120701786800
207759.832507534098 234955.297305192071
207583.366132359894 234834.307947925176
207406.740814237273 234713.152344408387
207229.956392087508 234591.830208371044
207053.012704267661 234470.341252845508
206875.909588569135 234348.685190163029
206698.646882215748 234226.861731949495
206521.224421862251 234104.870589121099
206343.642043592554 233982.711471880117
206165.899582918035 233860.384089710715
205987.996874775941 233737.888151374733
205809.933753527526 233615.223364907142
205631.710052956420 233492.389437611972
205453.325606266677 233369.386076057737
205274.780246081355 233246.212986073398
205096.073804440472 233122.869872743584
204917.206112799264 232999.356440404634
204738.177002026496 232875.672392639884
204558.986302402482 232751.817432275304
204379.633843617339 232627.791261375183
204200.119454769098 232503.593581237510
204020.442964361835 232379.224092389370
203840.604200304078 232254.682494582958
203660.602989906241 232129.968486790458
203480.439159879636 232005.081767199852
203300.112536333647 231880.022033210233
203119.622944774397 231754.788981427264
202938.970210102649 231629.382307658525
202758.154156611708 231503.801706908911
202577.174607985624 231378.046873376094
202396.031387297116 231252.117500445718
202214.724317005515 231126.013280686602
202033.253218954895 230999.733905846544
201851.617914371833 230873.279066846822
201669.818223863549 230746.648453778063
201487.853967415693 230619.841755895352
201305.724964390392 230492.858661613078
201123.431033523986 230365.698858500633
200940.971992925100 230238.362033277168
200758.347660072468 230110.847871806967
200575.557851812599 229983.156059094326
200392.602384357946 229855.286279279040
200209.481073284463 229727.238215630932
200026.193733529508 229599.011550545431
199842.740179389657 229470.605965538067
199659.120224518469 229342.021141239966
199475.333681924298 229213.256757392519
199291.380363967794 229084.312492842320
199107.260082360153 228955.188025536278
198922.972648160212 228825.883032516373
198738.517871772550 228696.397189914394
198553.895562945079 228566.730172947136
198369.105530766596 228436.881655910925
198184.147583664686 228306.851312176441
197999.021529403079 228176.638814183680
197813.727175079315 228046.243833436369
197628.264327122684 227915.666040497104
197442.632791291195 227784.905104981532
197256.832372669684 227653.960695553425
197070.862875667139 227522.832479919161
196884.724104014196 227391.520124822244
196698.415860760695 227260.023296037834
196511.937948273378 227128.341658367775
196325.290168232808 226996.474875634303
196138.472321631620 226864.422610675334
195951.484208771231 226732.184525338322
195764.325629259751 226599.760280474962
195576.996382009151 226467.149535935750
195389.496265232796 226334.351950563840
195201.825076442648 226201.367182189919
195013.982612446795 226068.194887626247
194825.968669346737 225934.834722660918
194637.783042534546 225801.286342052219
194449.425526690495 225667.549399522832
194260.895915779984 225533.623547753843
194072.194003051060 225399.508438379242
193883.319581031508 225265.203721979633
193694.272441526118 225130.709048076649
193505.052375613974 224996.024065126694
193315.659173645487 224861.148420515354
193126.092625239777 224726.081760551053
192936.352519281558 224590.823730459204
192746.438643918402 224455.373974375922
192556.350786558061 224319.732135342259
192366.088733864977 224183.897855297517
192175.652271758125 224047.870775073709
191985.041185407288 223911.650534388755
191794.255259230704 223775.236771840689
191603.294276891713 223638.629124900937
191412.158021295909 223501.827229908493
191220.846274588024 223364.830722063023
191029.358818148961 223227.639235418930
190837.695432592591 223090.252402878483
190645.855897762842 222952.669856185821
190453.839992730442 222814.891225919913
190261.647495789803 222676.916141488531
190069.278184455790 222538.744231121178
189876.731835460960 222400.375121862890
189684.008224751713 222261.808439567249
189491.107127485564 222123.043808889866
189298.028318027704 221984.080853281514
189104.771569947770 221844.919194981398
188911.336656016589 221705.558455010294
188717.723348202795 221565.998253163852
188523.931417669519 221426.238208005321
188329.960634771123 221286.277936858911
188135.810769049829 221146.117055802868
187941.481589231960 221005.755179661879
187746.972863225121 220865.191922000929
187552.284358114266 220724.426895117125
187357.415840158414 220583.459710033319
187162.367074787326 220442.289976490603
186967.137826597522 220300.917302941059
186771.727859349165 220159.341296540399
186576.136935962451 220017.561563140800
186380.364818513772 219875.577707283344
186184.411268232274 219733.389332190622
185988.276045496372 219590.996039759513
185791.958909829787 219448.397430553101
185595.459619897971 219305.593103793595
185398.777933504578 219162.582657354564
185201.913607587339 219019.365687753074
185004.866398214741 218875.941790142300
184807.636060582008 218732.310558303550
184610.222349007177 218588.471584638377
184412.625016927544 218444.424460160895
184214.843816895562 218300.168774489837
184016.878500575142 218155.704115840374
183818.728818737494 218011.030071016401
183620.394521257462 217866.146225402219
183421.875357109326 217721.052162954555
183223.171074362996 217575.747466194327
183024.281420179730 217430.231716198468
182825.206140808354 217284.504492591484
182625.944981581066 217138.565373537363
182426.497686909308 216992.413935731020
182226.864000279631 216846.049754389795
182027.043664249533 216699.472403245105
181827.036420443415 216552.681454533915
181626.842009548069 216405.676478989801
181426.460171308718 216258.457045834803
181225.890644524479 216111.022722770111
181025.133167044405 215963.373075967858
180824.187475762708 215815.507670061750
180623.053306614718 215667.426068138477
180421.730394572369 215519.127831728722
180220.218473639718 215370.612520798022
180018.517276848812 215221.879693737807
179816.626536254538 215072.928907356109
179614.545982930867 214923.759716868517
179412.275346965733 214774.371675888804
179209.814357456809 214624.764336419641
179007.162742506625 214474.937248843111
178804.320229218138 214324.889961911453
178601.286543689959 214174.622022737225
178398.061411011615 214024.132976784080
178194.644555258856 213873.422367856721
177991.035699488886 213722.489738091535
177787.234565735504 213571.334627946606
177583.240875004412 213419.956576191849
177379.054347268073 213268.355119899206
177174.674701461045 213116.529794432514
176970.101655474893 212964.480133437522
176765.334926153388 212812.205668831739
176560.374229287292 212659.705930794269
176355.219279609417 212506.980447755457
176149.869790789584 212354.028746386612
175944.325475429272 212200.850351589470
175738.586045056902 212047.444786485838
175532.651210122131 211893.811572406994
175326.520679991139 211739.950228882924
175120.194162940898 211585.860273631755
174913.671366154216 211431.541222548927
174706.951995714306 211276.992589696223
174500.035756599274 211122.213887290854
174292.922352676920 210967.204625694547
174085.611486699112 210811.964313402335
173878.102860296465 210656.492457031301
173670.396173972666 210500.788561309426
173462.491127098969 210344.852129064209
173254.387417908612 210188.682661211264
173046.084743491170 210032.279656742670
172837.582799786847 209875.642612715514
172628.881281580718 209718.771024240064
172419.979882497137 209561.664384468313
172210.878294993599 209404.322184581659
172001.576210355328 209246.743913779326
171792.073318689014 209088.929059266171
171582.369308917027 208930.877106240601
171372.463868771476 208772.587537882355
171162.356684788247 208614.059835340304
170952.047442300653 208455.293477719708
170741.535825433733 208296.287942070281
170530.821517097851 208137.042703373212
170319.904198982520 207977.557234528591
170108.783551550325 207817.831006342691
169897.459254030313 207657.863487514958
169685.930984412174 207497.654144625325
169474.198419439432 207337.202442120935
169262.261234603095 207176.507842302992
169050.119104135578 207015.569805313804
168837.771701003512 206854.387789122789
168625.218696901837 206692.961249513814
168412.459762246930 206531.289640071045
168199.494566169742 206369.372412165510
167986.322776509565 206207.209014941298
167772.944059806847 206044.798895301792
167559.358081296639 205882.141497895442
167345.564504901733 205719.236265102023
167131.562993225612 205556.082637018146
166917.353207545588 205392.680051442992
166702.934807805956 205229.027943864145
166488.307452610665 205065.125747442682
166273.470799216389 204900.972892998921
166058.424503525399 204736.568808997428
165843.168220078078 204571.912921532086
165627.701602046087 204407.004654311400
165412.024301224767 204241.843428643217
165196.135968025745 204076.428663419356
164980.036251469661 203910.759775100538
164763.724799178628 203744.836177700752
164547.201257368666 203578.657282771834
164330.465270842105 203412.222499387484
164113.516482979961 203245.531234127731
163896.354535734310 203078.582891062804
163678.979069620342 202911.376871737099
163461.389723708766 202743.912575152906
163243.586135617661 202576.189397754060
163025.567941504763 202408.206733409723
162807.334776059375 202239.963973397331
162588.886272494274 202071.460506386182
162370.222062537679 201902.695718420437
162151.341776425019 201733.668992902210
161932.245042890630 201564.379710574256
161712.931489159615 201394.827249502734
161493.400740939251 201225.010985059896
161273.652422410698 201054.930289906304
161053.686156220530 200884.584533973335
160833.501563472062 200713.973084445082
160613.098263716704 200543.095305740455
160392.475874945580 200371.950559495308
160171.634013580246 200200.538204543438
159950.572294464189 200028.857596898830
159729.290330854099 199856.908089736680
159507.787734410434 199684.689033374656
159286.064115188725 199512.199775254063
159064.119081630342 199339.439659920667
158841.952240553452 199166.408029005572
158619.563197143667 198993.104221205693
158396.951554944622 198819.527572264313
158174.116915848776 198645.677414951118
157951.058880087890 198471.553079042613
157727.777046223491 198297.153891301976
157504.271011137142 198122.479175458517
157280.540370020957 197947.528252187767
157056.584716367710 197772.300439090468
156832.403641960991 197596.795050672081
156607.996736865316 197421.011398321774
156383.363589416200 197244.948790291324
156158.503786209913 197068.606531673693
155933.416912093555 196891.983924381813
155708.102550154581 196715.080267126643
155482.560281710612 196537.894855395571
155256.789686299075 196360.426981430239
155030.790341666696 196182.675934204337
154804.561823758821 196004.640999401163
154578.103706708876 195826.321459391096
154351.415562827664 195647.716593208723
154124.496962592413 195468.825676529726
153897.347474636015 195289.647981647955
153669.966665735963 195110.182777451613
153442.354100803233 194930.429329400096
153214.509342871170 194750.386899499659
152986.431953084219 194570.054746279871
152758.121490686492 194389.432124768966
152529.577513010387 194208.518286469596
152300.799575465149 194027.312479334068
152071.787231525028 193845.813947739458
151842.540032717632 193664.021932462405
151613.057528612233 193481.935670653911
151383.339266807598 193299.554395813670
151153.384792920231 193116.877337764163
150923.193650572008 192933.903722624789
150692.765381378180 192750.632772785437
150462.099524934834 192567.063706880144
150231.195618806785 192383.195739760151
150000.053198514594 192199.028082466888
149768.671797522460 192014.559942205087
149537.050947225100 191829.790522314754
149305.190176935052 191644.719022243808
149073.089013869700 191459.344637519913
148840.746983138262 191273.666559722275
148608.163607728697 191087.683976453118
148375.338408494106 190901.396071308845
148142.270904139819 190714.802023851109
147908.960611209593 190527.901009577414
147675.407044071995 190340.692199891491
147441.609714906779 190153.174762073439
147207.568133691006 189965.347859249654
146973.281808185158 189777.210650362482
146738.750243918912 189588.762290139159
146503.972944177018 189400.001929061109
146268.949409984984 189210.928713332687
146033.679140094668 189021.541784849425
145798.161630969640 188831.840281166049
145562.396376770572 188641.823335464695
145326.382869340276 188451.490076521965
145090.120598188951 188260.839628676418
144853.609050478990 188069.871111795277
144616.847711009847 187878.583641241130
144379.836062202434 187686.976327837998
144142.573584084195 187495.048277837603
143905.059754272952 187302.798592884355
143667.294047961506 187110.226369981334
143429.275937901577 186917.330701454601
143191.004894387937 186724.110674918251
142952.480385242088 186530.565373238176
142713.701875796134 186336.693874496501
142474.668828876136 186142.495251954562
142235.380704785872 185947.968574016588
141995.836961289664 185753.112904192094
141756.037053595792 185557.927301058633
141515.980434339377 185362.410818223783
141275.666553565272 185166.562504286790
141035.094858710538 184970.381402799976
140794.264794587187 184773.866552229709
140553.175803364313 184577.016985916765
140311.827324550541 184379.831732036779
140070.218794975837 184182.309813559870
139828.349648773466 183984.450248209847
139586.219317361683 183786.252048423426
139343.827229425369 183587.714221308648
139101.172810897289 183388.835768602963
138858.255484939320 183189.615686631063
138615.074671923649 182990.052966261923
138371.629789413390 182790.146592865844
138127.920252143376 182589.895546270855
137883.945472000836 182389.298800718418
137639.704858005367 182188.355324819189
137395.197816289525 181987.064081507939
137150.423750078509 181785.424027998146
136905.382059669966 181583.434115736192
136660.072142413701 181381.093290354765
136414.493392691045 181178.400491626322
136168.645201893989 180975.354653415445
135922.526958404429 180771.954703631374
135676.138047572691 180568.199564179406
135429.477851696458 180364.088150911994
135182.545749998972 180159.619373579830
134935.341118607495 179954.792135781492
134687.863330531196 179749.605334913504
134440.111755638820 179544.057862118963
134192.085760636663 179338.148602236528
133943.784709045663 179131.876433748112
133695.207961178792 178925.240228726470
133446.354874117795 178718.238852781855
133197.224801690143 178510.871165008808
132947.817094445549 178303.136017931422
132698.131099632039 178095.032257448736
132448.166161172354 177886.558722779184
132197.921619639528 177677.714246404736
131947.396812232648 177468.497654014005
131696.591072752228 177258.907764445263
131445.503731575154 177048.943389628315
131194.134115629975 176838.603334526269
130942.481548371026 176627.886397075956
130690.545349753345 176416.791368128674
130438.324836206491 176205.317031389277
130185.819320608600 175993.462163355347
129933.028112259984 175781.225533255143
129679.950516856508 175568.605902985320
129426.585836462735 175355.602027047658
129172.933369484861 175142.212652485265
128918.992410643128 174928.436518817907
128664.762250944288 174714.272357976646
128410.242177653708 174499.718894237885
128155.431474266763 174284.774844156433
127900.329420480979 174069.438916498329
127644.935292166498 173853.709812171961
127389.248361337566 173637.586224159459
127133.267896122881 173421.066837446648
126876.993160735889 173204.150328952237
126620.423415444850 172986.835367456544
126363.557916542792 172769.120613529318
126106.395916316455 172551.004719456105
125848.936663015833 172332.486329164909
125591.179400822628 172113.564078150841
125333.123369818975 171894.236593400768
125074.767805955518 171674.502493316686
124816.111941018942 171454.360387638008
124557.155002599917 171233.808877363539
124297.896214059991 171012.846554672084
124038.334794498369 170791.472002842085
123778.469958718444 170569.683796170575
123518.300917193890 170347.480499891099
123257.826876034582 170124.860670090624
122997.047036951742 169901.822853625432
122735.960597223093 169678.365588035929
122474.566749657606 169454.487401460821
122212.864682559724 169230.186812549713
121950.853579693372 169005.462330375187
121688.532620245314 168780.312454343366
121425.900978788573 168554.735674103780
121162.957825245016 168328.730469457834
120899.702324847836 168102.295310266461
120636.133638103391 167875.428656356351
120372.250920752907 167648.128957425157
120108.053323733591 167420.394652945834
119843.539993139362 167192.224172069196
119578.710070181056 166963.615933525725
119313.562691146508 166734.568345526175
119048.096987359895 166505.079805660789
118782.312085140657 166275.148700797086
118516.207105762282 166044.773406976921
118249.781165410110 165813.952289311623
117983.033375139334 165582.683701876464
117715.962840831868 165350.965987603093
117448.568663153346 165118.797478171415
117180.849937509047 164886.176493899198
116912.805753999855 164653.101343631162
116644.435197377708 164419.570324626286
116375.737346999784 164185.581722443138
116106.711276783419 163951.133810825006
115837.356055159427 163716.224851582228
115567.670745025462 163480.853094473889
115297.654403698776 163245.016777087556
115027.306082868367 163008.714124717750
114756.624828546555 162771.943350242538
114485.609681020156 162534.702653998887
114214.259674800996 162296.990223655972
113942.573838575845 162058.804234087118
113670.551195155844 161820.142847240146
113398.190761425314 161581.004212005500
113125.491548290083 161341.386464083422
112852.452560624966 161101.287725848582
112579.072797220957 160860.706106213445
112305.351250731561 160619.639700489643
112031.286907618662 160378.086590247374
111756.878748097632 160136.044843173178
111482.125746081918 159893.512512925518
111207.026869126901 159650.487638988649
110931.581078373260 159406.968246524542
110655.787328489314 159162.952346222388
110379.644567613068 158918.437934146554
110103.151737293359 158673.422991582134
109826.307772430446 158427.905484878662
109549.111601215714 158181.883365291375
109271.562145070799 157935.354568820505
108993.658318585949 157688.317016048299
108715.399029457709 157440.768611973792
108436.783178425641 157192.707245844969
108157.809659208593 156944.130790989468
107878.477358439995 156695.037104641669
107598.785155602367 156445.424027768458
107318.731922961160 156195.289384891832
107173.793105309407 156065.756169153930
106889.479341961851 155811.454575789801
106608.573711556761 155559.998015484161
106327.303011187862 155308.012075114733
106045.666079573115 155055.494502727204
105763.661747831633 154802.443028899783
105481.288839411834 154548.855366548931
105198.546170018875 154294.729210732243
104915.432547541161 154040.062238448678
104631.946771975767 153784.852108435560
104348.087635353295 153529.096460963017
104063.853921661328 153272.792917624989
103779.244406767320 153015.939081127610
103494.257858340221 152758.532535074017
103208.893035771398 152500.570843746391
102923.148690094211 152242.051551884535
102637.023563902927 151982.972184461250
102350.516391270285 151723.330246454250
102063.625897664228 151463.123222614755
101776.350799863416 151202.348577232711
101488.689805871822 150941.003753898171
101200.641614832057 150679.086175259465
100912.204916937582 150416.593242777162
100623.378393344014 150153.522336474998
100334.160716078928 149889.870814686321
100044.550547950741 149625.636013797019
 99754.546542456315 149360.815247984428
 99464.147343687364 149095.405808952171
 99173.351586235600 148829.404965660942
 98882.157895096607 148562.809964054934
 98590.564885572545 148295.618026784243
 98298.571163173488 148027.826352922915
 98006.175323517367 147759.432117682067
 97713.375952228744 147490.432472119341
 97420.171624836134 147220.824542842980
 97126.560906667975 146950.605431711650
 96832.542352747070 146679.772215529199
 96538.114507683902 146408.321945734875
 96243.275905568124 146136.251648088190
 95948.025069858821 145863.558322348923
 95652.360513273306 145590.238941951917
 95356.280737674082 145316.290453676542
 95059.784233954721 145041.709777310869
 94762.869481923699 144766.493805310223
 94465.534950187008 144490.639402450237
 94167.779096028753 144214.143405474024
 93869.600365290651 143937.002622733882
 93570.997192249139 143659.213833826507
 93271.967999491389 143380.773789222614
 92972.511197789252 143101.679209890135
 92672.625185971367 142821.926786910975
 92372.308350793799 142541.513181091635
 92071.559066808579 142260.435022566991
 91770.375696230331 141978.688910397352
 91468.756588801189 141696.271412158792
 91166.700081653791 141413.179063526331
 90864.204499171989 141129.408367850003
 90561.268152849938 140844.955795723625
 90257.889341148926 140559.817784546001
 89954.066349352302 140273.990738074790
 89649.797449417936 139987.471025971987
 89345.080899829059 139700.254983342224
 89039.914945442521 139412.338910262333
 88734.297817334867 139123.719071302767
 88428.227732646366 138834.391695040686
 88121.702894422488 138544.352973564120
 87814.721491453194 138253.599061967543
 87507.281698109669 137962.126077838126
 87199.381674178934 137669.930100732890
 86891.019564695642 137377.007171646401
 86582.193499771471 137083.353292468644
 86272.901594421986 136788.964425433049
 85963.141948390941 136493.836492554663
 85652.912645971795 136197.965375057596
 85342.211755826502 135901.346912792040
 85031.037330801613 135603.976903640490
 84719.387407741699 135305.851102913148
 84407.260007299541 135006.965222731320
 84094.653133743690 134707.314931400004
 83781.564774762999 134406.895852768066
 83467.992901268110 134105.703565576783
 83153.935467189745 133803.733602795372
 82839.390409274027 133500.981450944382
 82524.355646874465 133197.442549405881
 82208.829081740754 132893.112289720186
 81892.808597804164 132587.986014869239
 81576.292060959517 132282.059018545755
 81259.277318843902 131975.326544408395
 80941.762200611614 131667.783785322186
 80623.744516705570 131359.425882583659
 80305.222058625237 131050.247925131334
 79986.192598690512 130740.244948739797
 79666.653889802081 130429.411935198092
 79346.603665197705 130117.743811471388
 79026.039638204689 129805.235448846113
 78704.959501988138 129491.881662057131
 78383.360929295231 129177.677208397814
 78061.241572195329 128862.616786811544
 77738.599061815621 128546.695036964666
 77415.431008072657 128229.906538300304
 77091.734999399079 127912.245809072483
 76767.508602466231 127593.707305360324
 76442.749361901704 127274.285420061366
 76117.454800002582 126953.974481863974
 75791.622416443395 126632.768754197838
 75465.249687979682 126310.662434162266
 75138.334068145952 125987.649651431624
 74810.872986949034 125663.724467137319
 74482.863850555863 125338.880872725698
 74154.304040976174 125013.112788791288
 73825.190915739411 124686.414063884396
 73495.521807566460 124358.778473293176
 73165.294024035553 124030.199717798343
 72834.504847242279 123700.671422400876
 72503.151533453725 123370.187135021144
 72171.231312756820 123038.740325169361
 71838.741388700146 122706.324382585968
 71505.678937929784 122372.932615851561
 71172.041109818529 122038.558250965289
 70837.825026088511 121703.194429890893
 70503.027780427554 121366.834209069653
 70167.646438098047 121029.470557898865
 69831.678035539400 120691.096357175469
 69495.119579962979 120351.704397503257
 69157.968048940049 120011.287377663146
 68820.220389982089 119669.837902944957
 68481.873520113644 119327.348483440001
 68142.924325437227 118983.811532293097
 67803.369660690660 118639.219363912911
 67463.206348795909 118293.564192139340
 67122.431180399784 117946.838128366740
 66781.040913406599 117599.033179621751
 66439.032272501412 117250.141246594139
 66096.401948665152 116900.154121619271
 65753.146598680454 116549.063486611398
 65409.262844628218 116196.860910944903
 65064.747273374989 115843.537849283573
 64719.596436050480 115489.085639354860
 64373.806847515516 115133.495499668410
 64027.374985819770 114776.758527176600
 63680.297291649265 114418.865694875392
 63332.570167763588 114059.807849343997
 62984.189978422066 113699.575708220596
 62635.153048799344 113338.159857612976
 62285.455664389519 112975.550749441565
 61935.094070399085 112611.738698712550
 61584.064471127938 112246.713880719224
 61232.363029338572 111880.466328168768
 60879.985865613213 111512.985928232578
 60526.929057698246 111144.262419517108
 60173.188639836058 110774.285388952863
 59818.760602083799 110403.044268598678
 59463.640889618822 110030.528332358706
 59107.825402030649 109656.726692608805
 58751.309992598828 109281.628296729526
 58394.090467556809 108905.221923542471
 58036.162585341146 108527.496179646419
 57677.522055825997 108148.439495650338
 57318.164539542318 107768.040122298975
 56958.085646881787 107386.286126487990
 56597.280937284697 107003.165387163986
 56235.745918411892 106618.665591106212
 55873.476045300005 106232.774228584705
 55510.466719500058 105845.478588891579
 55146.713288198640 105456.765755739689
 54782.211043321629 105066.622602524891
 54416.955220619959 104675.035787446061
 54050.940998736980 104281.991748478264
 53684.163498257236 103887.476698193233
 53316.617780736065 103491.476618421497
 52948.298847709702 103093.977254750309
 52579.201639685605 102694.964110851259
 52209.321035112385 102294.422442630472
 51838.651849329115 101892.337252195386
 51467.188833493652 101488.693281630578
 51094.926673489259 101083.475006575012
 50721.859988809556 100676.666629593281
 50347.983331420983 100268.252073332464
 49973.291184602669  99858.214973456270
 49597.777961763146  99446.538671347196
 49221.438005233569  99033.206206567585
 48844.265585036912  98618.200309069696
 48466.254897632949  98201.503391144521
 48087.400064638474  97783.097539098249
 47707.695131522487  97362.964504645701
 47327.134066275736  96941.085696007896
 46945.710758054745  96517.442168702284
 46563.419015799380  96092.014616011598
 46180.252566824078  95664.783359118184
 45796.205055382256  95235.728336888977
 45411.270041203556  94804.829095295878
 45025.440998003956  94372.064776455853
 44638.711311968058  93937.414107273231
 44251.074280203822  93500.855387667179
 43862.523109169364  93062.366478364900
 43473.050913071653  92621.924788241406
 43082.650712237300  92179.507261184786
 42691.315431455230  91735.090362465082
 42299.037898291441  91288.650064583679
 41905.810841375882  90840.161832578786
 41511.626888661813  90389.600608761131
 41116.478565657853  89936.940796852679
 40720.358293633290  89482.156245499675
 40323.258387796981  89025.220231129380
 39925.171055450817  88566.105440118336
 39526.088394118247  88104.783950238125
 39126.002389649104  87641.227211342411
 38724.904914301755  87175.406025256947
 38322.787724804031  86707.290524832220
 37919.642460394323  86236.850152115148
 37515.460640845071  85764.053635594930
 37110.233664470252  85288.868966473776
 36703.952806119749  84811.263373911439
 36296.609215162971  84331.203299188594
 35888.193913465228  83848.654368730917
 35478.697793359985  83363.581365931561
 35068.111615621558  82875.948201706458
 34656.426007442140  82385.717883711361
 34243.631460419005  81892.852484146482
 33829.718328556963  81397.313106067799
 33414.676826293093  80899.059848120130
 32998.497026550671  80398.051767600453
 32581.168858830617  79894.246841753702
 32162.682107349603  79387.601927197073
 31743.026409235015  78878.072717360439
 31322.191252788238  78365.613697823661
 30900.165975829150  77850.178099422046
 30476.939764136110  77331.717848982327
 30052.501649997525  76810.183517541343
 29626.840510892987  76285.524265888365
 29199.945068323956  75757.687787260409
 28771.803886816386  75226.620247006183
 28342.405373120611  74692.266219021141
 27911.737775636266  74154.568618739606
 27479.789184093679  73613.468632453776
 27046.547529527081  73068.905642710743
 26612.000584578505  72520.817149518320
 26176.135964176723  71969.138687069106
 25738.941126640297  71413.803735666981
 25300.403375260132  70854.743628515163
 24866.341270987537  70299.362611457604
 24419.026234237637  69724.963915959670
 23976.322213542688  69154.301759711438
 23532.222995790475  68579.616212657813
 23086.715158031515  68000.826264665360
 22639.785146148755  67417.848068099789
 22191.419282047085  66830.594796227844
 21741.603772096583  66238.976492411617
 21290.324716988558  65642.899909354208
 20837.568123184461  65042.268337584836
 20383.319916161305  64436.981422291821
 19927.565955683978  63826.934967523783
 19470.292053366142  63212.020726680712
 19011.483992816236  62592.126178106380
 18551.127552706279  61967.134284470594
 18089.208533147485  61336.923234491092
 17625.712785810774  60701.366165390078
 17160.626248292319  60060.330864305477
 16693.934983296218  59413.679446680369
 16225.625223289699  58761.268009431427
 15755.683421382912  58102.946256445808
 15284.096309298428  57438.557093671247
 14810.850963426319  56767.936190738939
 14335.934880115041  56090.911505691351
 13859.336061527903  55407.302768965288
 13381.043113607057  54716.920922299658
 12901.045357935851  54019.567507685650
 12419.332959585416  53315.034000843327
 11935.897073380218  52603.101082978174
 11450.730011432010  51883.537843728162
 10963.825435286288  51156.100907235297
 10475.178576616392  50420.533472141826
  9984.786491109504  49676.564254990459
  9492.648351043152  48923.906324966076
  8998.765783082330  48162.255816108991
  8503.143259079232  47391.290501005918
  8005.788549181412  46610.668207459850
  7506.713248418677  45820.025056676473
  7005.933390227568  45018.973497984014
  6503.470163197165  44207.100110907959
  5999.350750821638  43383.963140401509
  5493.609318407792  42549.089725000929
  4986.288176751349  41701.972770398948
  4477.439159079532  40842.067412114688
  3967.125256479741  39968.787000212018
  3455.422568153218  39081.498525904783
  2942.422637101031  38179.517393781105
  2428.235260285287  37262.101423498432
  1912.991886302968  36328.443940139514
  1396.849745081637  35377.665781670803
   879.996895725284  34408.806013404799
   362.658434157660  33420.811090812807
  -154.895823038829  32412.522150541652
  -672.341760549706  31382.660031221621
 -1189.288934316265  30329.807525569893
 -1705.265337800250  29252.388236789120
 -2219.697939793247  28148.641246751642
 -2731.887580221543  27016.590589973974
 -3240.976248878638  25854.008252340387
 -3745.903949112892  24658.369061169509
 -4245.351123506084  23426.795387817921
 -4737.660764374953  22155.989036580126
 -5220.731475306158  20842.147059239178
 -5691.868266626437  19480.857595093337
 -6147.570695542823  18066.971443362854
 -6583.226266705463  16594.445598780239
 -6992.657595505843  15056.158115661043
 -7367.439153535573  13443.703624002397
 -7695.844122977206  11747.206096485977
 -7961.189922646749   9955.256393911255
 -8137.557775058031   8081.243959278976
 -8166.142346044482   7562.979187295212
 -8185.509693067019   7036.839439549685
 -8194.788464540306   6502.033765947682
 -8172.691149124413   5245.037139168717
 -8112.044842237903   4303.191703999857
 -8006.383411290482   3337.599536988041
 -7847.940605375133   2350.169167869570
 -7627.988295297422   1344.521928695184
 -7337.181567531295    326.631182909701
 -6966.302512625426   -694.537803433785
 -6507.516448911474  -1706.627637611367
 -5956.086880586698  -2694.107097185913
 -5534.046087740185  -3334.086561426077
